gss-cliques	cviu11_p11_t14
gss-cliques	LVg11g58
gss-lazy-base	cviu11_p11_t1
gss-lazy-base	cviu11_p11_t100
gss-lazy-base	cviu11_p11_t102
gss-lazy-base	cviu11_p11_t105
gss-lazy-base	cviu11_p11_t106
gss-lazy-base	cviu11_p11_t107
gss-lazy-base	cviu11_p11_t11
gss-lazy-base	cviu11_p11_t110
gss-lazy-base	cviu11_p11_t111
gss-lazy-base	cviu11_p11_t112
gss-lazy-base	cviu11_p11_t113
gss-lazy-base	cviu11_p11_t114
gss-lazy-base	cviu11_p11_t115
gss-lazy-base	cviu11_p11_t118
gss-lazy-base	cviu11_p11_t12
gss-lazy-base	cviu11_p11_t122
gss-lazy-base	cviu11_p11_t124
gss-lazy-base	cviu11_p11_t127
gss-lazy-base	cviu11_p11_t13
gss-lazy-base	cviu11_p11_t130
gss-lazy-base	cviu11_p11_t132
gss-lazy-base	cviu11_p11_t133
gss-lazy-base	cviu11_p11_t134
gss-lazy-base	cviu11_p11_t135
gss-lazy-base	cviu11_p11_t136
gss-lazy-base	cviu11_p11_t137
gss-lazy-base	cviu11_p11_t139
gss-lazy-base	cviu11_p11_t14
gss-lazy-base	cviu11_p11_t141
gss-lazy-base	cviu11_p11_t143
gss-lazy-base	cviu11_p11_t144
gss-lazy-base	cviu11_p11_t15
gss-lazy-base	cviu11_p11_t16
gss-lazy-base	cviu11_p11_t22
gss-lazy-base	cviu11_p11_t24
gss-lazy-base	cviu11_p11_t25
gss-lazy-base	cviu11_p11_t26
gss-lazy-base	cviu11_p11_t27
gss-lazy-base	cviu11_p11_t28
gss-lazy-base	cviu11_p11_t34
gss-lazy-base	cviu11_p11_t36
gss-lazy-base	cviu11_p11_t39
gss-lazy-base	cviu11_p11_t40
gss-lazy-base	cviu11_p11_t41
gss-lazy-base	cviu11_p11_t42
gss-lazy-base	cviu11_p11_t46
gss-lazy-base	cviu11_p11_t51
gss-lazy-base	cviu11_p11_t52
gss-lazy-base	cviu11_p11_t53
gss-lazy-base	cviu11_p11_t54
gss-lazy-base	cviu11_p11_t55
gss-lazy-base	cviu11_p11_t56
gss-lazy-base	cviu11_p11_t60
gss-lazy-base	cviu11_p11_t64
gss-lazy-base	cviu11_p11_t65
gss-lazy-base	cviu11_p11_t66
gss-lazy-base	cviu11_p11_t79
gss-lazy-base	cviu11_p11_t8
gss-lazy-base	cviu11_p11_t80
gss-lazy-base	cviu11_p11_t81
gss-lazy-base	cviu11_p11_t82
gss-lazy-base	cviu11_p11_t86
gss-lazy-base	cviu11_p11_t87
gss-lazy-base	cviu11_p11_t89
gss-lazy-base	cviu11_p11_t9
gss-lazy-base	cviu11_p11_t90
gss-lazy-base	cviu11_p11_t91
gss-lazy-base	cviu11_p11_t93
gss-lazy-base	cviu11_p11_t95
gss-lazy-base	cviu11_p11_t96
gss-lazy-base	cviu11_p11_t97
gss-lazy-base	cviu11_p11_t98
gss-lazy-base	cviu11_p12_t100
gss-lazy-base	cviu11_p12_t106
gss-lazy-base	cviu11_p12_t107
gss-lazy-base	cviu11_p12_t110
gss-lazy-base	cviu11_p12_t112
gss-lazy-base	cviu11_p12_t113
gss-lazy-base	cviu11_p12_t114
gss-lazy-base	cviu11_p12_t115
gss-lazy-base	cviu11_p12_t132
gss-lazy-base	cviu11_p12_t134
gss-lazy-base	cviu11_p12_t136
gss-lazy-base	cviu11_p12_t14
gss-lazy-base	cviu11_p12_t143
gss-lazy-base	cviu11_p12_t145
gss-lazy-base	cviu11_p12_t2
gss-lazy-base	cviu11_p12_t22
gss-lazy-base	cviu11_p12_t24
gss-lazy-base	cviu11_p12_t25
gss-lazy-base	cviu11_p12_t26
gss-lazy-base	cviu11_p12_t27
gss-lazy-base	cviu11_p12_t36
gss-lazy-base	cviu11_p12_t39
gss-lazy-base	cviu11_p12_t41
gss-lazy-base	cviu11_p12_t48
gss-lazy-base	cviu11_p12_t52
gss-lazy-base	cviu11_p12_t53
gss-lazy-base	cviu11_p12_t54
gss-lazy-base	cviu11_p12_t56
gss-lazy-base	cviu11_p12_t60
gss-lazy-base	cviu11_p12_t64
gss-lazy-base	cviu11_p12_t65
gss-lazy-base	cviu11_p12_t66
gss-lazy-base	cviu11_p12_t79
gss-lazy-base	cviu11_p12_t8
gss-lazy-base	cviu11_p12_t81
gss-lazy-base	cviu11_p12_t87
gss-lazy-base	cviu11_p12_t89
gss-lazy-base	cviu11_p12_t90
gss-lazy-base	cviu11_p12_t98
gss-lazy-base	cviu11_p14_t139
gss-lazy-base	cviu11_p15_t102
gss-lazy-base	cviu11_p15_t111
gss-lazy-base	cviu11_p15_t113
gss-lazy-base	cviu11_p15_t118
gss-lazy-base	cviu11_p15_t126
gss-lazy-base	cviu11_p15_t131
gss-lazy-base	cviu11_p15_t135
gss-lazy-base	cviu11_p15_t22
gss-lazy-base	cviu11_p15_t28
gss-lazy-base	cviu11_p15_t39
gss-lazy-base	cviu11_p15_t48
gss-lazy-base	cviu11_p15_t54
gss-lazy-base	cviu11_p15_t55
gss-lazy-base	cviu11_p15_t66
gss-lazy-base	cviu11_p15_t8
gss-lazy-base	cviu11_p15_t80
gss-lazy-base	cviu11_p15_t89
gss-lazy-base	cviu11_p15_t9
gss-lazy-base	cviu11_p15_t90
gss-lazy-base	cviu11_p15_t97
gss-lazy-base	cviu11_p15_t98
gss-lazy-base	cviu11_p16_t100
gss-lazy-base	cviu11_p16_t101
gss-lazy-base	cviu11_p16_t11
gss-lazy-base	cviu11_p16_t110
gss-lazy-base	cviu11_p16_t111
gss-lazy-base	cviu11_p16_t113
gss-lazy-base	cviu11_p16_t114
gss-lazy-base	cviu11_p16_t126
gss-lazy-base	cviu11_p16_t127
gss-lazy-base	cviu11_p16_t129
gss-lazy-base	cviu11_p16_t137
gss-lazy-base	cviu11_p16_t139
gss-lazy-base	cviu11_p16_t14
gss-lazy-base	cviu11_p16_t141
gss-lazy-base	cviu11_p16_t143
gss-lazy-base	cviu11_p16_t145
gss-lazy-base	cviu11_p16_t16
gss-lazy-base	cviu11_p16_t24
gss-lazy-base	cviu11_p16_t26
gss-lazy-base	cviu11_p16_t28
gss-lazy-base	cviu11_p16_t56
gss-lazy-base	cviu11_p16_t58
gss-lazy-base	cviu11_p16_t79
gss-lazy-base	cviu11_p16_t84
gss-lazy-base	cviu11_p16_t89
gss-lazy-base	cviu11_p16_t90
gss-lazy-base	cviu11_p16_t91
gss-lazy-base	cviu11_p16_t98
gss-lazy-base	cviu11_p17_t10
gss-lazy-base	cviu11_p17_t102
gss-lazy-base	cviu11_p17_t106
gss-lazy-base	cviu11_p17_t109
gss-lazy-base	cviu11_p17_t110
gss-lazy-base	cviu11_p17_t112
gss-lazy-base	cviu11_p17_t115
gss-lazy-base	cviu11_p17_t12
gss-lazy-base	cviu11_p17_t137
gss-lazy-base	cviu11_p17_t14
gss-lazy-base	cviu11_p17_t141
gss-lazy-base	cviu11_p17_t25
gss-lazy-base	cviu11_p17_t42
gss-lazy-base	cviu11_p17_t46
gss-lazy-base	cviu11_p17_t49
gss-lazy-base	cviu11_p17_t51
gss-lazy-base	cviu11_p17_t52
gss-lazy-base	cviu11_p17_t53
gss-lazy-base	cviu11_p17_t54
gss-lazy-base	cviu11_p17_t55
gss-lazy-base	cviu11_p17_t56
gss-lazy-base	cviu11_p17_t58
gss-lazy-base	cviu11_p17_t81
gss-lazy-base	cviu11_p17_t89
gss-lazy-base	cviu11_p17_t9
gss-lazy-base	cviu11_p17_t98
gss-lazy-base	cviu11_p19_t100
gss-lazy-base	cviu11_p19_t101
gss-lazy-base	cviu11_p19_t126
gss-lazy-base	cviu11_p19_t127
gss-lazy-base	cviu11_p19_t129
gss-lazy-base	cviu11_p19_t130
gss-lazy-base	cviu11_p19_t137
gss-lazy-base	cviu11_p19_t14
gss-lazy-base	cviu11_p19_t15
gss-lazy-base	cviu11_p19_t16
gss-lazy-base	cviu11_p19_t24
gss-lazy-base	cviu11_p19_t28
gss-lazy-base	cviu11_p19_t84
gss-lazy-base	cviu11_p19_t91
gss-lazy-base	cviu11_p19_t95
gss-lazy-base	cviu11_p20_t100
gss-lazy-base	cviu11_p20_t101
gss-lazy-base	cviu11_p20_t102
gss-lazy-base	cviu11_p20_t11
gss-lazy-base	cviu11_p20_t110
gss-lazy-base	cviu11_p20_t111
gss-lazy-base	cviu11_p20_t112
gss-lazy-base	cviu11_p20_t113
gss-lazy-base	cviu11_p20_t114
gss-lazy-base	cviu11_p20_t127
gss-lazy-base	cviu11_p20_t130
gss-lazy-base	cviu11_p20_t131
gss-lazy-base	cviu11_p20_t14
gss-lazy-base	cviu11_p20_t141
gss-lazy-base	cviu11_p20_t143
gss-lazy-base	cviu11_p20_t145
gss-lazy-base	cviu11_p20_t16
gss-lazy-base	cviu11_p20_t24
gss-lazy-base	cviu11_p20_t25
gss-lazy-base	cviu11_p20_t26
gss-lazy-base	cviu11_p20_t28
gss-lazy-base	cviu11_p20_t53
gss-lazy-base	cviu11_p20_t55
gss-lazy-base	cviu11_p20_t56
gss-lazy-base	cviu11_p20_t58
gss-lazy-base	cviu11_p20_t66
gss-lazy-base	cviu11_p20_t84
gss-lazy-base	cviu11_p20_t90
gss-lazy-base	cviu11_p20_t95
gss-lazy-base	cviu11_p20_t98
gss-lazy-base	cviu11_p21_t100
gss-lazy-base	cviu11_p21_t24
gss-lazy-base	cviu11_p21_t28
gss-lazy-base	cviu11_p21_t91
gss-lazy-base	cviu11_p22_t100
gss-lazy-base	cviu11_p22_t114
gss-lazy-base	cviu11_p22_t145
gss-lazy-base	cviu11_p22_t24
gss-lazy-base	cviu11_p22_t90
gss-lazy-base	cviu11_p22_t95
gss-lazy-base	cviu11_p22_t98
gss-lazy-base	cviu11_p23_t100
gss-lazy-base	cviu11_p23_t110
gss-lazy-base	cviu11_p23_t111
gss-lazy-base	cviu11_p23_t112
gss-lazy-base	cviu11_p23_t113
gss-lazy-base	cviu11_p23_t114
gss-lazy-base	cviu11_p23_t133
gss-lazy-base	cviu11_p23_t139
gss-lazy-base	cviu11_p23_t143
gss-lazy-base	cviu11_p23_t145
gss-lazy-base	cviu11_p23_t22
gss-lazy-base	cviu11_p23_t24
gss-lazy-base	cviu11_p23_t26
gss-lazy-base	cviu11_p23_t28
gss-lazy-base	cviu11_p23_t48
gss-lazy-base	cviu11_p23_t53
gss-lazy-base	cviu11_p23_t54
gss-lazy-base	cviu11_p23_t55
gss-lazy-base	cviu11_p23_t56
gss-lazy-base	cviu11_p23_t58
gss-lazy-base	cviu11_p23_t79
gss-lazy-base	cviu11_p23_t89
gss-lazy-base	cviu11_p23_t90
gss-lazy-base	cviu11_p23_t96
gss-lazy-base	cviu11_p23_t98
gss-lazy-base	cviu11_p24_t1
gss-lazy-base	cviu11_p24_t100
gss-lazy-base	cviu11_p24_t101
gss-lazy-base	cviu11_p24_t102
gss-lazy-base	cviu11_p24_t106
gss-lazy-base	cviu11_p24_t107
gss-lazy-base	cviu11_p24_t109
gss-lazy-base	cviu11_p24_t11
gss-lazy-base	cviu11_p24_t110
gss-lazy-base	cviu11_p24_t111
gss-lazy-base	cviu11_p24_t113
gss-lazy-base	cviu11_p24_t114
gss-lazy-base	cviu11_p24_t115
gss-lazy-base	cviu11_p24_t122
gss-lazy-base	cviu11_p24_t124
gss-lazy-base	cviu11_p24_t126
gss-lazy-base	cviu11_p24_t127
gss-lazy-base	cviu11_p24_t129
gss-lazy-base	cviu11_p24_t13
gss-lazy-base	cviu11_p24_t130
gss-lazy-base	cviu11_p24_t131
gss-lazy-base	cviu11_p24_t132
gss-lazy-base	cviu11_p24_t133
gss-lazy-base	cviu11_p24_t134
gss-lazy-base	cviu11_p24_t135
gss-lazy-base	cviu11_p24_t137
gss-lazy-base	cviu11_p24_t139
gss-lazy-base	cviu11_p24_t14
gss-lazy-base	cviu11_p24_t141
gss-lazy-base	cviu11_p24_t143
gss-lazy-base	cviu11_p24_t144
gss-lazy-base	cviu11_p24_t145
gss-lazy-base	cviu11_p24_t15
gss-lazy-base	cviu11_p24_t2
gss-lazy-base	cviu11_p24_t22
gss-lazy-base	cviu11_p24_t24
gss-lazy-base	cviu11_p24_t25
gss-lazy-base	cviu11_p24_t26
gss-lazy-base	cviu11_p24_t27
gss-lazy-base	cviu11_p24_t28
gss-lazy-base	cviu11_p24_t34
gss-lazy-base	cviu11_p24_t36
gss-lazy-base	cviu11_p24_t39
gss-lazy-base	cviu11_p24_t40
gss-lazy-base	cviu11_p24_t41
gss-lazy-base	cviu11_p24_t48
gss-lazy-base	cviu11_p24_t49
gss-lazy-base	cviu11_p24_t52
gss-lazy-base	cviu11_p24_t53
gss-lazy-base	cviu11_p24_t54
gss-lazy-base	cviu11_p24_t56
gss-lazy-base	cviu11_p24_t60
gss-lazy-base	cviu11_p24_t64
gss-lazy-base	cviu11_p24_t65
gss-lazy-base	cviu11_p24_t66
gss-lazy-base	cviu11_p24_t79
gss-lazy-base	cviu11_p24_t8
gss-lazy-base	cviu11_p24_t80
gss-lazy-base	cviu11_p24_t81
gss-lazy-base	cviu11_p24_t84
gss-lazy-base	cviu11_p24_t86
gss-lazy-base	cviu11_p24_t87
gss-lazy-base	cviu11_p24_t9
gss-lazy-base	cviu11_p24_t90
gss-lazy-base	cviu11_p24_t91
gss-lazy-base	cviu11_p24_t95
gss-lazy-base	cviu11_p24_t96
gss-lazy-base	cviu11_p24_t97
gss-lazy-base	cviu11_p24_t98
gss-lazy-base	cviu11_p26_t100
gss-lazy-base	cviu11_p26_t114
gss-lazy-base	cviu11_p26_t14
gss-lazy-base	cviu11_p26_t145
gss-lazy-base	cviu11_p26_t24
gss-lazy-base	cviu11_p26_t28
gss-lazy-base	cviu11_p26_t90
gss-lazy-base	cviu11_p26_t95
gss-lazy-base	cviu11_p26_t98
gss-lazy-base	cviu11_p27_t129
gss-lazy-base	cviu11_p27_t98
gss-lazy-base	cviu11_p28_t100
gss-lazy-base	cviu11_p28_t110
gss-lazy-base	cviu11_p28_t111
gss-lazy-base	cviu11_p28_t112
gss-lazy-base	cviu11_p28_t137
gss-lazy-base	cviu11_p28_t143
gss-lazy-base	cviu11_p28_t145
gss-lazy-base	cviu11_p28_t24
gss-lazy-base	cviu11_p28_t26
gss-lazy-base	cviu11_p28_t28
gss-lazy-base	cviu11_p28_t55
gss-lazy-base	cviu11_p28_t56
gss-lazy-base	cviu11_p28_t58
gss-lazy-base	cviu11_p28_t79
gss-lazy-base	cviu11_p28_t90
gss-lazy-base	cviu11_p28_t95
gss-lazy-base	cviu11_p28_t98
gss-lazy-base	cviu11_p29_t10
gss-lazy-base	cviu11_p29_t104
gss-lazy-base	cviu11_p29_t131
gss-lazy-base	cviu11_p29_t18
gss-lazy-base	cviu11_p29_t23
gss-lazy-base	cviu11_p29_t25
gss-lazy-base	cviu11_p29_t3
gss-lazy-base	cviu11_p29_t42
gss-lazy-base	cviu11_p29_t46
gss-lazy-base	cviu11_p29_t56
gss-lazy-base	cviu11_p29_t60
gss-lazy-base	cviu11_p29_t84
gss-lazy-base	cviu11_p29_t86
gss-lazy-base	cviu11_p29_t95
gss-lazy-base	cviu11_p29_t96
gss-lazy-base	cviu11_p29_t97
gss-lazy-base	cviu11_p29_t98
gss-lazy-base	cviu11_p2_t100
gss-lazy-base	cviu11_p2_t113
gss-lazy-base	cviu11_p2_t114
gss-lazy-base	cviu11_p2_t121
gss-lazy-base	cviu11_p2_t139
gss-lazy-base	cviu11_p2_t24
gss-lazy-base	cviu11_p2_t28
gss-lazy-base	cviu11_p2_t31
gss-lazy-base	cviu11_p2_t41
gss-lazy-base	cviu11_p2_t42
gss-lazy-base	cviu11_p2_t55
gss-lazy-base	cviu11_p2_t56
gss-lazy-base	cviu11_p2_t64
gss-lazy-base	cviu11_p2_t79
gss-lazy-base	cviu11_p2_t87
gss-lazy-base	cviu11_p2_t90
gss-lazy-base	cviu11_p30_t100
gss-lazy-base	cviu11_p30_t112
gss-lazy-base	cviu11_p30_t113
gss-lazy-base	cviu11_p30_t114
gss-lazy-base	cviu11_p30_t132
gss-lazy-base	cviu11_p30_t133
gss-lazy-base	cviu11_p30_t135
gss-lazy-base	cviu11_p30_t136
gss-lazy-base	cviu11_p30_t139
gss-lazy-base	cviu11_p30_t14
gss-lazy-base	cviu11_p30_t141
gss-lazy-base	cviu11_p30_t143
gss-lazy-base	cviu11_p30_t145
gss-lazy-base	cviu11_p30_t24
gss-lazy-base	cviu11_p30_t39
gss-lazy-base	cviu11_p30_t48
gss-lazy-base	cviu11_p30_t53
gss-lazy-base	cviu11_p30_t79
gss-lazy-base	cviu11_p30_t89.core1
gss-lazy-base	cviu11_p30_t97
gss-lazy-base	cviu11_p30_t98.core1
gss-lazy-base	cviu11_p33_t107
gss-lazy-base	cviu11_p33_t113
gss-lazy-base	cviu11_p33_t115
gss-lazy-base	cviu11_p33_t118
gss-lazy-base	cviu11_p33_t132
gss-lazy-base	cviu11_p33_t145
gss-lazy-base	cviu11_p33_t2
gss-lazy-base	cviu11_p33_t22
gss-lazy-base	cviu11_p33_t27
gss-lazy-base	cviu11_p33_t39
gss-lazy-base	cviu11_p33_t41
gss-lazy-base	cviu11_p33_t48
gss-lazy-base	cviu11_p33_t51
gss-lazy-base	cviu11_p33_t52
gss-lazy-base	cviu11_p33_t54
gss-lazy-base	cviu11_p33_t60
gss-lazy-base	cviu11_p33_t64
gss-lazy-base	cviu11_p33_t79
gss-lazy-base	cviu11_p33_t89
gss-lazy-base	cviu11_p34_t100
gss-lazy-base	cviu11_p34_t104
gss-lazy-base	cviu11_p34_t106
gss-lazy-base	cviu11_p34_t107
gss-lazy-base	cviu11_p34_t111
gss-lazy-base	cviu11_p34_t112
gss-lazy-base	cviu11_p34_t114
gss-lazy-base	cviu11_p34_t118
gss-lazy-base	cviu11_p34_t120
gss-lazy-base	cviu11_p34_t121
gss-lazy-base	cviu11_p34_t13
gss-lazy-base	cviu11_p34_t132
gss-lazy-base	cviu11_p34_t136
gss-lazy-base	cviu11_p34_t141
gss-lazy-base	cviu11_p34_t143
gss-lazy-base	cviu11_p34_t18
gss-lazy-base	cviu11_p34_t2
gss-lazy-base	cviu11_p34_t22
gss-lazy-base	cviu11_p34_t23
gss-lazy-base	cviu11_p34_t25
gss-lazy-base	cviu11_p34_t28
gss-lazy-base	cviu11_p34_t34
gss-lazy-base	cviu11_p34_t36
gss-lazy-base	cviu11_p34_t39
gss-lazy-base	cviu11_p34_t4
gss-lazy-base	cviu11_p34_t40
gss-lazy-base	cviu11_p34_t41
gss-lazy-base	cviu11_p34_t46
gss-lazy-base	cviu11_p34_t48
gss-lazy-base	cviu11_p34_t51
gss-lazy-base	cviu11_p34_t52
gss-lazy-base	cviu11_p34_t53
gss-lazy-base	cviu11_p34_t56
gss-lazy-base	cviu11_p34_t59
gss-lazy-base	cviu11_p34_t6
gss-lazy-base	cviu11_p34_t60
gss-lazy-base	cviu11_p34_t63
gss-lazy-base	cviu11_p34_t65
gss-lazy-base	cviu11_p34_t71
gss-lazy-base	cviu11_p34_t8
gss-lazy-base	cviu11_p34_t81
gss-lazy-base	cviu11_p34_t82
gss-lazy-base	cviu11_p34_t85
gss-lazy-base	cviu11_p34_t88
gss-lazy-base	cviu11_p34_t90
gss-lazy-base	cviu11_p34_t93
gss-lazy-base	cviu11_p34_t96
gss-lazy-base	cviu11_p34_t97
gss-lazy-base	cviu11_p34_t98
gss-lazy-base	cviu11_p34_t99
gss-lazy-base	cviu11_p35_t111
gss-lazy-base	cviu11_p35_t113
gss-lazy-base	cviu11_p35_t26
gss-lazy-base	cviu11_p35_t48
gss-lazy-base	cviu11_p35_t53
gss-lazy-base	cviu11_p35_t54
gss-lazy-base	cviu11_p35_t58
gss-lazy-base	cviu11_p35_t95
gss-lazy-base	cviu11_p35_t98
gss-lazy-base	cviu11_p37_t100
gss-lazy-base	cviu11_p37_t114
gss-lazy-base	cviu11_p37_t139
gss-lazy-base	cviu11_p37_t141
gss-lazy-base	cviu11_p37_t145
gss-lazy-base	cviu11_p37_t24
gss-lazy-base	cviu11_p37_t26
gss-lazy-base	cviu11_p37_t28
gss-lazy-base	cviu11_p37_t90
gss-lazy-base	cviu11_p38_t114
gss-lazy-base	cviu11_p38_t139
gss-lazy-base	cviu11_p38_t90
gss-lazy-base	cviu11_p38_t98
gss-lazy-base	cviu11_p3_t100
gss-lazy-base	cviu11_p3_t107
gss-lazy-base	cviu11_p3_t110
gss-lazy-base	cviu11_p3_t111
gss-lazy-base	cviu11_p3_t113
gss-lazy-base	cviu11_p3_t114
gss-lazy-base	cviu11_p3_t115
gss-lazy-base	cviu11_p3_t118
gss-lazy-base	cviu11_p3_t12
gss-lazy-base	cviu11_p3_t122
gss-lazy-base	cviu11_p3_t127
gss-lazy-base	cviu11_p3_t132
gss-lazy-base	cviu11_p3_t133
gss-lazy-base	cviu11_p3_t135
gss-lazy-base	cviu11_p3_t136
gss-lazy-base	cviu11_p3_t139
gss-lazy-base	cviu11_p3_t14
gss-lazy-base	cviu11_p3_t141
gss-lazy-base	cviu11_p3_t143
gss-lazy-base	cviu11_p3_t144
gss-lazy-base	cviu11_p3_t145
gss-lazy-base	cviu11_p3_t15
gss-lazy-base	cviu11_p3_t16
gss-lazy-base	cviu11_p3_t2
gss-lazy-base	cviu11_p3_t22
gss-lazy-base	cviu11_p3_t24
gss-lazy-base	cviu11_p3_t25
gss-lazy-base	cviu11_p3_t26
gss-lazy-base	cviu11_p3_t27
gss-lazy-base	cviu11_p3_t28
gss-lazy-base	cviu11_p3_t34
gss-lazy-base	cviu11_p3_t36
gss-lazy-base	cviu11_p3_t39
gss-lazy-base	cviu11_p3_t41
gss-lazy-base	cviu11_p3_t42.core1
gss-lazy-base	cviu11_p3_t48
gss-lazy-base	cviu11_p3_t49
gss-lazy-base	cviu11_p3_t51
gss-lazy-base	cviu11_p3_t52
gss-lazy-base	cviu11_p3_t53
gss-lazy-base	cviu11_p3_t54
gss-lazy-base	cviu11_p3_t55
gss-lazy-base	cviu11_p3_t56
gss-lazy-base	cviu11_p3_t58
gss-lazy-base	cviu11_p3_t60
gss-lazy-base	cviu11_p3_t64
gss-lazy-base	cviu11_p3_t65
gss-lazy-base	cviu11_p3_t66
gss-lazy-base	cviu11_p3_t79
gss-lazy-base	cviu11_p3_t8
gss-lazy-base	cviu11_p3_t82
gss-lazy-base	cviu11_p3_t87
gss-lazy-base	cviu11_p3_t89.core1
gss-lazy-base	cviu11_p3_t9
gss-lazy-base	cviu11_p3_t90
gss-lazy-base	cviu11_p3_t93
gss-lazy-base	cviu11_p3_t96
gss-lazy-base	cviu11_p3_t97
gss-lazy-base	cviu11_p3_t98
gss-lazy-base	cviu11_p40_t100
gss-lazy-base	cviu11_p40_t127
gss-lazy-base	cviu11_p40_t137
gss-lazy-base	cviu11_p40_t145
gss-lazy-base	cviu11_p40_t15
gss-lazy-base	cviu11_p40_t26
gss-lazy-base	cviu11_p40_t28
gss-lazy-base	cviu11_p40_t84
gss-lazy-base	cviu11_p40_t90
gss-lazy-base	cviu11_p40_t95
gss-lazy-base	cviu11_p40_t98
gss-lazy-base	cviu11_p41_t143.core1
gss-lazy-base	cviu11_p41_t66.core1
gss-lazy-base	cviu11_p41_t98.core2
gss-lazy-base	cviu11_p42_t100
gss-lazy-base	cviu11_p42_t114
gss-lazy-base	cviu11_p42_t139
gss-lazy-base	cviu11_p42_t14
gss-lazy-base	cviu11_p42_t24
gss-lazy-base	cviu11_p42_t26
gss-lazy-base	cviu11_p42_t28
gss-lazy-base	cviu11_p42_t91
gss-lazy-base	cviu11_p42_t95
gss-lazy-base	cviu11_p42_t98
gss-lazy-base	cviu11_p43_t100
gss-lazy-base	cviu11_p43_t101
gss-lazy-base	cviu11_p43_t114
gss-lazy-base	cviu11_p43_t130
gss-lazy-base	cviu11_p43_t139
gss-lazy-base	cviu11_p43_t14
gss-lazy-base	cviu11_p43_t141
gss-lazy-base	cviu11_p43_t145
gss-lazy-base	cviu11_p43_t16
gss-lazy-base	cviu11_p43_t24
gss-lazy-base	cviu11_p43_t26
gss-lazy-base	cviu11_p43_t28
gss-lazy-base	cviu11_p43_t55
gss-lazy-base	cviu11_p43_t56
gss-lazy-base	cviu11_p43_t79
gss-lazy-base	cviu11_p43_t84
gss-lazy-base	cviu11_p43_t90
gss-lazy-base	cviu11_p43_t91
gss-lazy-base	cviu11_p43_t98
gss-lazy-base	cviu11_p44_t127
gss-lazy-base	cviu11_p44_t91
gss-lazy-base	cviu11_p44_t95
gss-lazy-base	cviu11_p5_t100
gss-lazy-base	cviu11_p5_t101
gss-lazy-base	cviu11_p5_t11
gss-lazy-base	cviu11_p5_t110
gss-lazy-base	cviu11_p5_t111
gss-lazy-base	cviu11_p5_t112
gss-lazy-base	cviu11_p5_t114
gss-lazy-base	cviu11_p5_t126
gss-lazy-base	cviu11_p5_t131
gss-lazy-base	cviu11_p5_t137
gss-lazy-base	cviu11_p5_t139
gss-lazy-base	cviu11_p5_t14
gss-lazy-base	cviu11_p5_t141
gss-lazy-base	cviu11_p5_t143
gss-lazy-base	cviu11_p5_t15
gss-lazy-base	cviu11_p5_t16
gss-lazy-base	cviu11_p5_t24
gss-lazy-base	cviu11_p5_t26
gss-lazy-base	cviu11_p5_t28
gss-lazy-base	cviu11_p5_t56
gss-lazy-base	cviu11_p5_t58
gss-lazy-base	cviu11_p5_t79
gss-lazy-base	cviu11_p5_t84
gss-lazy-base	cviu11_p5_t89
gss-lazy-base	cviu11_p5_t90
gss-lazy-base	cviu11_p5_t98
gss-lazy-base	cviu11_p6_t111
gss-lazy-base	cviu11_p6_t113
gss-lazy-base	cviu11_p6_t114
gss-lazy-base	cviu11_p6_t133
gss-lazy-base	cviu11_p6_t136
gss-lazy-base	cviu11_p6_t139
gss-lazy-base	cviu11_p6_t143
gss-lazy-base	cviu11_p6_t145
gss-lazy-base	cviu11_p6_t25
gss-lazy-base	cviu11_p6_t28
gss-lazy-base	cviu11_p6_t41
gss-lazy-base	cviu11_p6_t42
gss-lazy-base	cviu11_p6_t48
gss-lazy-base	cviu11_p6_t52
gss-lazy-base	cviu11_p6_t54
gss-lazy-base	cviu11_p6_t55
gss-lazy-base	cviu11_p6_t56
gss-lazy-base	cviu11_p6_t64
gss-lazy-base	cviu11_p6_t79
gss-lazy-base	cviu11_p6_t81
gss-lazy-base	cviu11_p6_t90
gss-lazy-base	cviu11_p6_t96
gss-lazy-base	cviu11_p6_t97
gss-lazy-base	cviu11_p7_t100
gss-lazy-base	cviu11_p7_t102
gss-lazy-base	cviu11_p7_t107
gss-lazy-base	cviu11_p7_t113
gss-lazy-base	cviu11_p7_t114
gss-lazy-base	cviu11_p7_t132
gss-lazy-base	cviu11_p7_t134
gss-lazy-base	cviu11_p7_t139
gss-lazy-base	cviu11_p7_t143
gss-lazy-base	cviu11_p7_t145
gss-lazy-base	cviu11_p7_t22
gss-lazy-base	cviu11_p7_t24
gss-lazy-base	cviu11_p7_t25
gss-lazy-base	cviu11_p7_t28
gss-lazy-base	cviu11_p7_t36
gss-lazy-base	cviu11_p7_t39
gss-lazy-base	cviu11_p7_t48
gss-lazy-base	cviu11_p7_t53
gss-lazy-base	cviu11_p7_t54
gss-lazy-base	cviu11_p7_t55
gss-lazy-base	cviu11_p7_t56
gss-lazy-base	cviu11_p7_t58
gss-lazy-base	cviu11_p7_t66
gss-lazy-base	cviu11_p7_t79
gss-lazy-base	cviu11_p7_t80
gss-lazy-base	cviu11_p7_t89
gss-lazy-base	cviu11_p7_t90
gss-lazy-base	cviu11_p7_t96
gss-lazy-base	cviu11_p7_t97
gss-lazy-base	cviu11_p7_t98
gss-lazy-base	cviu11_p9_t127
gss-lazy-base	cviu11_p9_t24
gss-lazy-base	LVg11g58
gss-lazy-base	LVg22g30
gss-lazy-base	LVg36g47
gss-lazy-base	LVg8g59
gss-lazy-base	LVg8g66
gss-lazy-base	LVg9g47
gss-lazy	cviu11_p11_t1
gss-lazy	cviu11_p11_t100
gss-lazy	cviu11_p11_t102
gss-lazy	cviu11_p11_t105
gss-lazy	cviu11_p11_t106
gss-lazy	cviu11_p11_t107
gss-lazy	cviu11_p11_t11
gss-lazy	cviu11_p11_t110
gss-lazy	cviu11_p11_t111
gss-lazy	cviu11_p11_t112
gss-lazy	cviu11_p11_t113
gss-lazy	cviu11_p11_t114
gss-lazy	cviu11_p11_t115
gss-lazy	cviu11_p11_t118
gss-lazy	cviu11_p11_t12
gss-lazy	cviu11_p11_t122
gss-lazy	cviu11_p11_t124
gss-lazy	cviu11_p11_t127
gss-lazy	cviu11_p11_t13
gss-lazy	cviu11_p11_t130
gss-lazy	cviu11_p11_t132
gss-lazy	cviu11_p11_t133
gss-lazy	cviu11_p11_t134
gss-lazy	cviu11_p11_t135
gss-lazy	cviu11_p11_t136
gss-lazy	cviu11_p11_t137
gss-lazy	cviu11_p11_t139
gss-lazy	cviu11_p11_t14
gss-lazy	cviu11_p11_t141
gss-lazy	cviu11_p11_t143
gss-lazy	cviu11_p11_t144
gss-lazy	cviu11_p11_t145
gss-lazy	cviu11_p11_t15
gss-lazy	cviu11_p11_t16
gss-lazy	cviu11_p11_t22
gss-lazy	cviu11_p11_t24
gss-lazy	cviu11_p11_t25
gss-lazy	cviu11_p11_t26
gss-lazy	cviu11_p11_t27
gss-lazy	cviu11_p11_t28
gss-lazy	cviu11_p11_t31
gss-lazy	cviu11_p11_t34
gss-lazy	cviu11_p11_t36
gss-lazy	cviu11_p11_t39
gss-lazy	cviu11_p11_t40
gss-lazy	cviu11_p11_t41
gss-lazy	cviu11_p11_t42
gss-lazy	cviu11_p11_t46
gss-lazy	cviu11_p11_t48
gss-lazy	cviu11_p11_t49
gss-lazy	cviu11_p11_t51
gss-lazy	cviu11_p11_t52
gss-lazy	cviu11_p11_t53
gss-lazy	cviu11_p11_t54
gss-lazy	cviu11_p11_t55
gss-lazy	cviu11_p11_t56
gss-lazy	cviu11_p11_t60
gss-lazy	cviu11_p11_t64
gss-lazy	cviu11_p11_t65
gss-lazy	cviu11_p11_t66
gss-lazy	cviu11_p11_t79
gss-lazy	cviu11_p11_t8
gss-lazy	cviu11_p11_t80
gss-lazy	cviu11_p11_t81
gss-lazy	cviu11_p11_t86
gss-lazy	cviu11_p11_t87
gss-lazy	cviu11_p11_t89
gss-lazy	cviu11_p11_t9
gss-lazy	cviu11_p11_t90
gss-lazy	cviu11_p11_t91
gss-lazy	cviu11_p11_t93
gss-lazy	cviu11_p11_t95
gss-lazy	cviu11_p11_t96
gss-lazy	cviu11_p11_t97
gss-lazy	cviu11_p11_t98
gss-lazy	cviu11_p12_t100
gss-lazy	cviu11_p12_t106
gss-lazy	cviu11_p12_t110
gss-lazy	cviu11_p12_t112
gss-lazy	cviu11_p12_t113
gss-lazy	cviu11_p12_t114
gss-lazy	cviu11_p12_t115
gss-lazy	cviu11_p12_t132
gss-lazy	cviu11_p12_t134
gss-lazy	cviu11_p12_t136
gss-lazy	cviu11_p12_t14
gss-lazy	cviu11_p12_t143
gss-lazy	cviu11_p12_t145
gss-lazy	cviu11_p12_t2
gss-lazy	cviu11_p12_t22
gss-lazy	cviu11_p12_t24
gss-lazy	cviu11_p12_t25
gss-lazy	cviu11_p12_t26
gss-lazy	cviu11_p12_t27
gss-lazy	cviu11_p12_t36
gss-lazy	cviu11_p12_t39
gss-lazy	cviu11_p12_t41
gss-lazy	cviu11_p12_t48
gss-lazy	cviu11_p12_t52
gss-lazy	cviu11_p12_t53
gss-lazy	cviu11_p12_t54
gss-lazy	cviu11_p12_t56
gss-lazy	cviu11_p12_t60
gss-lazy	cviu11_p12_t64
gss-lazy	cviu11_p12_t65
gss-lazy	cviu11_p12_t66
gss-lazy	cviu11_p12_t79
gss-lazy	cviu11_p12_t8
gss-lazy	cviu11_p12_t81
gss-lazy	cviu11_p12_t87
gss-lazy	cviu11_p12_t89
gss-lazy	cviu11_p12_t90
gss-lazy	cviu11_p12_t98
gss-lazy	cviu11_p14_t139
gss-lazy	cviu11_p15_t102
gss-lazy	cviu11_p15_t111
gss-lazy	cviu11_p15_t113
gss-lazy	cviu11_p15_t118
gss-lazy	cviu11_p15_t126
gss-lazy	cviu11_p15_t131
gss-lazy	cviu11_p15_t132
gss-lazy	cviu11_p15_t135
gss-lazy	cviu11_p15_t22
gss-lazy	cviu11_p15_t28
gss-lazy	cviu11_p15_t39
gss-lazy	cviu11_p15_t41
gss-lazy	cviu11_p15_t48
gss-lazy	cviu11_p15_t54
gss-lazy	cviu11_p15_t55
gss-lazy	cviu11_p15_t66
gss-lazy	cviu11_p15_t8
gss-lazy	cviu11_p15_t80
gss-lazy	cviu11_p15_t89
gss-lazy	cviu11_p15_t9
gss-lazy	cviu11_p15_t90
gss-lazy	cviu11_p15_t97
gss-lazy	cviu11_p15_t98
gss-lazy	cviu11_p16_t100
gss-lazy	cviu11_p16_t101
gss-lazy	cviu11_p16_t11
gss-lazy	cviu11_p16_t110
gss-lazy	cviu11_p16_t111
gss-lazy	cviu11_p16_t113
gss-lazy	cviu11_p16_t114
gss-lazy	cviu11_p16_t126
gss-lazy	cviu11_p16_t127
gss-lazy	cviu11_p16_t129
gss-lazy	cviu11_p16_t137
gss-lazy	cviu11_p16_t139
gss-lazy	cviu11_p16_t14
gss-lazy	cviu11_p16_t141
gss-lazy	cviu11_p16_t143
gss-lazy	cviu11_p16_t145
gss-lazy	cviu11_p16_t16
gss-lazy	cviu11_p16_t24
gss-lazy	cviu11_p16_t26
gss-lazy	cviu11_p16_t28
gss-lazy	cviu11_p16_t56
gss-lazy	cviu11_p16_t58
gss-lazy	cviu11_p16_t79
gss-lazy	cviu11_p16_t84
gss-lazy	cviu11_p16_t89
gss-lazy	cviu11_p16_t90
gss-lazy	cviu11_p16_t91
gss-lazy	cviu11_p16_t98
gss-lazy	cviu11_p17_t10
gss-lazy	cviu11_p17_t102
gss-lazy	cviu11_p17_t106
gss-lazy	cviu11_p17_t109
gss-lazy	cviu11_p17_t110
gss-lazy	cviu11_p17_t112
gss-lazy	cviu11_p17_t115
gss-lazy	cviu11_p17_t12
gss-lazy	cviu11_p17_t137
gss-lazy	cviu11_p17_t14
gss-lazy	cviu11_p17_t141
gss-lazy	cviu11_p17_t25
gss-lazy	cviu11_p17_t42
gss-lazy	cviu11_p17_t46
gss-lazy	cviu11_p17_t49
gss-lazy	cviu11_p17_t51
gss-lazy	cviu11_p17_t52
gss-lazy	cviu11_p17_t53
gss-lazy	cviu11_p17_t54
gss-lazy	cviu11_p17_t55
gss-lazy	cviu11_p17_t56
gss-lazy	cviu11_p17_t58
gss-lazy	cviu11_p17_t89
gss-lazy	cviu11_p17_t98
gss-lazy	cviu11_p19_t100
gss-lazy	cviu11_p19_t101
gss-lazy	cviu11_p19_t126
gss-lazy	cviu11_p19_t127
gss-lazy	cviu11_p19_t129
gss-lazy	cviu11_p19_t130
gss-lazy	cviu11_p19_t137
gss-lazy	cviu11_p19_t14
gss-lazy	cviu11_p19_t15
gss-lazy	cviu11_p19_t16
gss-lazy	cviu11_p19_t24
gss-lazy	cviu11_p19_t28
gss-lazy	cviu11_p19_t84
gss-lazy	cviu11_p19_t91
gss-lazy	cviu11_p19_t95
gss-lazy	cviu11_p20_t100
gss-lazy	cviu11_p20_t101
gss-lazy	cviu11_p20_t102
gss-lazy	cviu11_p20_t11
gss-lazy	cviu11_p20_t110
gss-lazy	cviu11_p20_t111
gss-lazy	cviu11_p20_t112
gss-lazy	cviu11_p20_t113
gss-lazy	cviu11_p20_t114
gss-lazy	cviu11_p20_t127
gss-lazy	cviu11_p20_t130
gss-lazy	cviu11_p20_t131
gss-lazy	cviu11_p20_t133
gss-lazy	cviu11_p20_t14
gss-lazy	cviu11_p20_t141
gss-lazy	cviu11_p20_t145
gss-lazy	cviu11_p20_t16
gss-lazy	cviu11_p20_t24
gss-lazy	cviu11_p20_t25
gss-lazy	cviu11_p20_t26
gss-lazy	cviu11_p20_t28
gss-lazy	cviu11_p20_t53
gss-lazy	cviu11_p20_t55
gss-lazy	cviu11_p20_t56
gss-lazy	cviu11_p20_t58
gss-lazy	cviu11_p20_t66
gss-lazy	cviu11_p20_t84
gss-lazy	cviu11_p20_t89
gss-lazy	cviu11_p20_t90
gss-lazy	cviu11_p20_t95
gss-lazy	cviu11_p20_t98
gss-lazy	cviu11_p21_t100
gss-lazy	cviu11_p21_t24
gss-lazy	cviu11_p21_t28
gss-lazy	cviu11_p21_t91
gss-lazy	cviu11_p21_t95
gss-lazy	cviu11_p22_t100
gss-lazy	cviu11_p22_t145
gss-lazy	cviu11_p22_t24
gss-lazy	cviu11_p22_t90
gss-lazy	cviu11_p22_t95
gss-lazy	cviu11_p22_t98
gss-lazy	cviu11_p23_t100
gss-lazy	cviu11_p23_t110
gss-lazy	cviu11_p23_t111
gss-lazy	cviu11_p23_t112
gss-lazy	cviu11_p23_t113
gss-lazy	cviu11_p23_t114
gss-lazy	cviu11_p23_t133
gss-lazy	cviu11_p23_t139
gss-lazy	cviu11_p23_t143
gss-lazy	cviu11_p23_t145
gss-lazy	cviu11_p23_t22
gss-lazy	cviu11_p23_t24
gss-lazy	cviu11_p23_t26
gss-lazy	cviu11_p23_t28
gss-lazy	cviu11_p23_t48
gss-lazy	cviu11_p23_t53
gss-lazy	cviu11_p23_t54
gss-lazy	cviu11_p23_t55
gss-lazy	cviu11_p23_t56
gss-lazy	cviu11_p23_t58
gss-lazy	cviu11_p23_t79
gss-lazy	cviu11_p23_t89
gss-lazy	cviu11_p23_t90
gss-lazy	cviu11_p23_t96
gss-lazy	cviu11_p23_t98
gss-lazy	cviu11_p24_t1
gss-lazy	cviu11_p24_t100
gss-lazy	cviu11_p24_t101
gss-lazy	cviu11_p24_t102
gss-lazy	cviu11_p24_t106
gss-lazy	cviu11_p24_t107
gss-lazy	cviu11_p24_t109
gss-lazy	cviu11_p24_t11
gss-lazy	cviu11_p24_t110
gss-lazy	cviu11_p24_t111
gss-lazy	cviu11_p24_t113
gss-lazy	cviu11_p24_t114
gss-lazy	cviu11_p24_t115
gss-lazy	cviu11_p24_t12
gss-lazy	cviu11_p24_t122
gss-lazy	cviu11_p24_t124
gss-lazy	cviu11_p24_t126
gss-lazy	cviu11_p24_t127
gss-lazy	cviu11_p24_t129
gss-lazy	cviu11_p24_t13
gss-lazy	cviu11_p24_t130
gss-lazy	cviu11_p24_t131
gss-lazy	cviu11_p24_t132
gss-lazy	cviu11_p24_t133
gss-lazy	cviu11_p24_t134
gss-lazy	cviu11_p24_t135
gss-lazy	cviu11_p24_t137
gss-lazy	cviu11_p24_t139
gss-lazy	cviu11_p24_t14
gss-lazy	cviu11_p24_t141
gss-lazy	cviu11_p24_t143
gss-lazy	cviu11_p24_t144
gss-lazy	cviu11_p24_t145
gss-lazy	cviu11_p24_t15
gss-lazy	cviu11_p24_t2
gss-lazy	cviu11_p24_t22
gss-lazy	cviu11_p24_t24
gss-lazy	cviu11_p24_t25
gss-lazy	cviu11_p24_t26
gss-lazy	cviu11_p24_t27
gss-lazy	cviu11_p24_t28
gss-lazy	cviu11_p24_t31
gss-lazy	cviu11_p24_t34
gss-lazy	cviu11_p24_t36
gss-lazy	cviu11_p24_t39
gss-lazy	cviu11_p24_t40
gss-lazy	cviu11_p24_t41
gss-lazy	cviu11_p24_t46
gss-lazy	cviu11_p24_t48
gss-lazy	cviu11_p24_t49
gss-lazy	cviu11_p24_t51
gss-lazy	cviu11_p24_t52
gss-lazy	cviu11_p24_t53
gss-lazy	cviu11_p24_t54
gss-lazy	cviu11_p24_t56
gss-lazy	cviu11_p24_t60
gss-lazy	cviu11_p24_t64
gss-lazy	cviu11_p24_t65
gss-lazy	cviu11_p24_t66
gss-lazy	cviu11_p24_t79
gss-lazy	cviu11_p24_t8
gss-lazy	cviu11_p24_t80
gss-lazy	cviu11_p24_t81
gss-lazy	cviu11_p24_t84
gss-lazy	cviu11_p24_t86
gss-lazy	cviu11_p24_t87
gss-lazy	cviu11_p24_t9
gss-lazy	cviu11_p24_t90
gss-lazy	cviu11_p24_t91
gss-lazy	cviu11_p24_t93
gss-lazy	cviu11_p24_t95
gss-lazy	cviu11_p24_t96
gss-lazy	cviu11_p24_t97
gss-lazy	cviu11_p24_t98
gss-lazy	cviu11_p26_t100
gss-lazy	cviu11_p26_t114
gss-lazy	cviu11_p26_t14
gss-lazy	cviu11_p26_t145
gss-lazy	cviu11_p26_t24
gss-lazy	cviu11_p26_t28
gss-lazy	cviu11_p26_t90
gss-lazy	cviu11_p26_t95
gss-lazy	cviu11_p26_t98
gss-lazy	cviu11_p27_t129
gss-lazy	cviu11_p28_t100
gss-lazy	cviu11_p28_t102
gss-lazy	cviu11_p28_t110
gss-lazy	cviu11_p28_t111
gss-lazy	cviu11_p28_t112
gss-lazy	cviu11_p28_t137
gss-lazy	cviu11_p28_t143
gss-lazy	cviu11_p28_t145
gss-lazy	cviu11_p28_t24
gss-lazy	cviu11_p28_t26
gss-lazy	cviu11_p28_t28
gss-lazy	cviu11_p28_t55
gss-lazy	cviu11_p28_t56
gss-lazy	cviu11_p28_t58
gss-lazy	cviu11_p28_t79
gss-lazy	cviu11_p28_t90
gss-lazy	cviu11_p28_t95
gss-lazy	cviu11_p28_t98
gss-lazy	cviu11_p29_t10
gss-lazy	cviu11_p29_t104
gss-lazy	cviu11_p29_t131
gss-lazy	cviu11_p29_t18
gss-lazy	cviu11_p29_t23
gss-lazy	cviu11_p29_t25
gss-lazy	cviu11_p29_t3
gss-lazy	cviu11_p29_t4
gss-lazy	cviu11_p29_t42
gss-lazy	cviu11_p29_t46
gss-lazy	cviu11_p29_t56
gss-lazy	cviu11_p29_t60
gss-lazy	cviu11_p29_t71
gss-lazy	cviu11_p29_t72
gss-lazy	cviu11_p29_t84
gss-lazy	cviu11_p29_t86
gss-lazy	cviu11_p29_t95
gss-lazy	cviu11_p29_t96
gss-lazy	cviu11_p29_t97
gss-lazy	cviu11_p29_t98
gss-lazy	cviu11_p2_t100
gss-lazy	cviu11_p2_t113
gss-lazy	cviu11_p2_t114
gss-lazy	cviu11_p2_t121
gss-lazy	cviu11_p2_t139
gss-lazy	cviu11_p2_t24
gss-lazy	cviu11_p2_t28
gss-lazy	cviu11_p2_t31
gss-lazy	cviu11_p2_t41
gss-lazy	cviu11_p2_t42
gss-lazy	cviu11_p2_t55
gss-lazy	cviu11_p2_t56
gss-lazy	cviu11_p2_t64
gss-lazy	cviu11_p2_t79
gss-lazy	cviu11_p2_t87
gss-lazy	cviu11_p2_t90
gss-lazy	cviu11_p30_t100
gss-lazy	cviu11_p30_t112
gss-lazy	cviu11_p30_t113
gss-lazy	cviu11_p30_t114
gss-lazy	cviu11_p30_t132
gss-lazy	cviu11_p30_t133
gss-lazy	cviu11_p30_t135
gss-lazy	cviu11_p30_t136
gss-lazy	cviu11_p30_t139
gss-lazy	cviu11_p30_t14
gss-lazy	cviu11_p30_t141
gss-lazy	cviu11_p30_t143
gss-lazy	cviu11_p30_t145
gss-lazy	cviu11_p30_t24
gss-lazy	cviu11_p30_t39
gss-lazy	cviu11_p30_t48
gss-lazy	cviu11_p30_t53
gss-lazy	cviu11_p30_t79
gss-lazy	cviu11_p30_t89.core1
gss-lazy	cviu11_p30_t97
gss-lazy	cviu11_p30_t98.core1
gss-lazy	cviu11_p33_t107
gss-lazy	cviu11_p33_t113
gss-lazy	cviu11_p33_t115
gss-lazy	cviu11_p33_t118
gss-lazy	cviu11_p33_t132
gss-lazy	cviu11_p33_t145
gss-lazy	cviu11_p33_t2
gss-lazy	cviu11_p33_t22
gss-lazy	cviu11_p33_t27
gss-lazy	cviu11_p33_t39
gss-lazy	cviu11_p33_t41
gss-lazy	cviu11_p33_t48
gss-lazy	cviu11_p33_t51
gss-lazy	cviu11_p33_t52
gss-lazy	cviu11_p33_t54
gss-lazy	cviu11_p33_t60
gss-lazy	cviu11_p33_t79
gss-lazy	cviu11_p33_t89
gss-lazy	cviu11_p34_t100
gss-lazy	cviu11_p34_t104
gss-lazy	cviu11_p34_t106
gss-lazy	cviu11_p34_t107
gss-lazy	cviu11_p34_t111
gss-lazy	cviu11_p34_t112
gss-lazy	cviu11_p34_t114
gss-lazy	cviu11_p34_t118
gss-lazy	cviu11_p34_t120
gss-lazy	cviu11_p34_t121
gss-lazy	cviu11_p34_t13
gss-lazy	cviu11_p34_t132
gss-lazy	cviu11_p34_t136
gss-lazy	cviu11_p34_t141
gss-lazy	cviu11_p34_t143
gss-lazy	cviu11_p34_t18
gss-lazy	cviu11_p34_t2
gss-lazy	cviu11_p34_t22
gss-lazy	cviu11_p34_t23
gss-lazy	cviu11_p34_t25
gss-lazy	cviu11_p34_t28
gss-lazy	cviu11_p34_t34
gss-lazy	cviu11_p34_t36
gss-lazy	cviu11_p34_t39
gss-lazy	cviu11_p34_t4
gss-lazy	cviu11_p34_t40
gss-lazy	cviu11_p34_t41
gss-lazy	cviu11_p34_t46
gss-lazy	cviu11_p34_t48
gss-lazy	cviu11_p34_t51
gss-lazy	cviu11_p34_t52
gss-lazy	cviu11_p34_t53
gss-lazy	cviu11_p34_t56
gss-lazy	cviu11_p34_t59
gss-lazy	cviu11_p34_t6
gss-lazy	cviu11_p34_t60
gss-lazy	cviu11_p34_t63
gss-lazy	cviu11_p34_t65
gss-lazy	cviu11_p34_t71
gss-lazy	cviu11_p34_t8
gss-lazy	cviu11_p34_t81
gss-lazy	cviu11_p34_t82
gss-lazy	cviu11_p34_t85
gss-lazy	cviu11_p34_t88
gss-lazy	cviu11_p34_t90
gss-lazy	cviu11_p34_t93
gss-lazy	cviu11_p34_t96
gss-lazy	cviu11_p34_t97
gss-lazy	cviu11_p34_t98
gss-lazy	cviu11_p34_t99
gss-lazy	cviu11_p35_t111
gss-lazy	cviu11_p35_t113
gss-lazy	cviu11_p35_t26
gss-lazy	cviu11_p35_t48
gss-lazy	cviu11_p35_t53
gss-lazy	cviu11_p35_t54
gss-lazy	cviu11_p35_t58
gss-lazy	cviu11_p35_t95
gss-lazy	cviu11_p35_t98
gss-lazy	cviu11_p37_t100
gss-lazy	cviu11_p37_t114
gss-lazy	cviu11_p37_t139
gss-lazy	cviu11_p37_t141
gss-lazy	cviu11_p37_t145
gss-lazy	cviu11_p37_t24
gss-lazy	cviu11_p37_t26
gss-lazy	cviu11_p37_t28
gss-lazy	cviu11_p37_t90
gss-lazy	cviu11_p38_t114
gss-lazy	cviu11_p38_t139
gss-lazy	cviu11_p38_t98
gss-lazy	cviu11_p3_t100
gss-lazy	cviu11_p3_t107
gss-lazy	cviu11_p3_t110
gss-lazy	cviu11_p3_t111
gss-lazy	cviu11_p3_t113
gss-lazy	cviu11_p3_t114
gss-lazy	cviu11_p3_t115
gss-lazy	cviu11_p3_t118
gss-lazy	cviu11_p3_t12
gss-lazy	cviu11_p3_t122
gss-lazy	cviu11_p3_t127
gss-lazy	cviu11_p3_t132
gss-lazy	cviu11_p3_t133
gss-lazy	cviu11_p3_t135
gss-lazy	cviu11_p3_t136
gss-lazy	cviu11_p3_t139
gss-lazy	cviu11_p3_t14
gss-lazy	cviu11_p3_t141
gss-lazy	cviu11_p3_t143
gss-lazy	cviu11_p3_t144
gss-lazy	cviu11_p3_t145
gss-lazy	cviu11_p3_t15
gss-lazy	cviu11_p3_t16
gss-lazy	cviu11_p3_t2
gss-lazy	cviu11_p3_t22
gss-lazy	cviu11_p3_t24
gss-lazy	cviu11_p3_t25
gss-lazy	cviu11_p3_t26
gss-lazy	cviu11_p3_t27
gss-lazy	cviu11_p3_t28
gss-lazy	cviu11_p3_t34
gss-lazy	cviu11_p3_t36
gss-lazy	cviu11_p3_t39
gss-lazy	cviu11_p3_t40
gss-lazy	cviu11_p3_t41
gss-lazy	cviu11_p3_t42.core1
gss-lazy	cviu11_p3_t48
gss-lazy	cviu11_p3_t49
gss-lazy	cviu11_p3_t51
gss-lazy	cviu11_p3_t52
gss-lazy	cviu11_p3_t53
gss-lazy	cviu11_p3_t54
gss-lazy	cviu11_p3_t55
gss-lazy	cviu11_p3_t58
gss-lazy	cviu11_p3_t60
gss-lazy	cviu11_p3_t64
gss-lazy	cviu11_p3_t65
gss-lazy	cviu11_p3_t66
gss-lazy	cviu11_p3_t79
gss-lazy	cviu11_p3_t8
gss-lazy	cviu11_p3_t82
gss-lazy	cviu11_p3_t87
gss-lazy	cviu11_p3_t89.core1
gss-lazy	cviu11_p3_t9
gss-lazy	cviu11_p3_t90
gss-lazy	cviu11_p3_t93
gss-lazy	cviu11_p3_t96
gss-lazy	cviu11_p3_t97
gss-lazy	cviu11_p3_t98
gss-lazy	cviu11_p40_t100
gss-lazy	cviu11_p40_t127
gss-lazy	cviu11_p40_t137
gss-lazy	cviu11_p40_t145
gss-lazy	cviu11_p40_t15
gss-lazy	cviu11_p40_t26
gss-lazy	cviu11_p40_t28
gss-lazy	cviu11_p40_t84
gss-lazy	cviu11_p40_t95
gss-lazy	cviu11_p40_t98
gss-lazy	cviu11_p41_t143.core1
gss-lazy	cviu11_p41_t66.core1
gss-lazy	cviu11_p41_t98.core2
gss-lazy	cviu11_p42_t100
gss-lazy	cviu11_p42_t114
gss-lazy	cviu11_p42_t139
gss-lazy	cviu11_p42_t14
gss-lazy	cviu11_p42_t24
gss-lazy	cviu11_p42_t26
gss-lazy	cviu11_p42_t28
gss-lazy	cviu11_p42_t91
gss-lazy	cviu11_p42_t95
gss-lazy	cviu11_p42_t98
gss-lazy	cviu11_p43_t100
gss-lazy	cviu11_p43_t101
gss-lazy	cviu11_p43_t114
gss-lazy	cviu11_p43_t130
gss-lazy	cviu11_p43_t139
gss-lazy	cviu11_p43_t14
gss-lazy	cviu11_p43_t141
gss-lazy	cviu11_p43_t145
gss-lazy	cviu11_p43_t16
gss-lazy	cviu11_p43_t24
gss-lazy	cviu11_p43_t26
gss-lazy	cviu11_p43_t28
gss-lazy	cviu11_p43_t55
gss-lazy	cviu11_p43_t56
gss-lazy	cviu11_p43_t79
gss-lazy	cviu11_p43_t84
gss-lazy	cviu11_p43_t90
gss-lazy	cviu11_p43_t91
gss-lazy	cviu11_p43_t98
gss-lazy	cviu11_p44_t127
gss-lazy	cviu11_p44_t91
gss-lazy	cviu11_p44_t95
gss-lazy	cviu11_p5_t100
gss-lazy	cviu11_p5_t101
gss-lazy	cviu11_p5_t11
gss-lazy	cviu11_p5_t110
gss-lazy	cviu11_p5_t111
gss-lazy	cviu11_p5_t112
gss-lazy	cviu11_p5_t114
gss-lazy	cviu11_p5_t126
gss-lazy	cviu11_p5_t131
gss-lazy	cviu11_p5_t137
gss-lazy	cviu11_p5_t139
gss-lazy	cviu11_p5_t14
gss-lazy	cviu11_p5_t141
gss-lazy	cviu11_p5_t143
gss-lazy	cviu11_p5_t15
gss-lazy	cviu11_p5_t16
gss-lazy	cviu11_p5_t24
gss-lazy	cviu11_p5_t26
gss-lazy	cviu11_p5_t28
gss-lazy	cviu11_p5_t56
gss-lazy	cviu11_p5_t58
gss-lazy	cviu11_p5_t79
gss-lazy	cviu11_p5_t84
gss-lazy	cviu11_p5_t89
gss-lazy	cviu11_p5_t90
gss-lazy	cviu11_p5_t98
gss-lazy	cviu11_p6_t111
gss-lazy	cviu11_p6_t113
gss-lazy	cviu11_p6_t114
gss-lazy	cviu11_p6_t133
gss-lazy	cviu11_p6_t136
gss-lazy	cviu11_p6_t139
gss-lazy	cviu11_p6_t143
gss-lazy	cviu11_p6_t145
gss-lazy	cviu11_p6_t25
gss-lazy	cviu11_p6_t28
gss-lazy	cviu11_p6_t41
gss-lazy	cviu11_p6_t42
gss-lazy	cviu11_p6_t48
gss-lazy	cviu11_p6_t52
gss-lazy	cviu11_p6_t54
gss-lazy	cviu11_p6_t55
gss-lazy	cviu11_p6_t56
gss-lazy	cviu11_p6_t64
gss-lazy	cviu11_p6_t79
gss-lazy	cviu11_p6_t81
gss-lazy	cviu11_p6_t90
gss-lazy	cviu11_p6_t96
gss-lazy	cviu11_p6_t97
gss-lazy	cviu11_p7_t100
gss-lazy	cviu11_p7_t102
gss-lazy	cviu11_p7_t107
gss-lazy	cviu11_p7_t113
gss-lazy	cviu11_p7_t114
gss-lazy	cviu11_p7_t132
gss-lazy	cviu11_p7_t134
gss-lazy	cviu11_p7_t139
gss-lazy	cviu11_p7_t143
gss-lazy	cviu11_p7_t145
gss-lazy	cviu11_p7_t22
gss-lazy	cviu11_p7_t24
gss-lazy	cviu11_p7_t25
gss-lazy	cviu11_p7_t28
gss-lazy	cviu11_p7_t36
gss-lazy	cviu11_p7_t39
gss-lazy	cviu11_p7_t48
gss-lazy	cviu11_p7_t53
gss-lazy	cviu11_p7_t54
gss-lazy	cviu11_p7_t55
gss-lazy	cviu11_p7_t56
gss-lazy	cviu11_p7_t58
gss-lazy	cviu11_p7_t66
gss-lazy	cviu11_p7_t79
gss-lazy	cviu11_p7_t80
gss-lazy	cviu11_p7_t89
gss-lazy	cviu11_p7_t90
gss-lazy	cviu11_p7_t96
gss-lazy	cviu11_p7_t97
gss-lazy	cviu11_p7_t98
gss-lazy	cviu11_p9_t127
gss-lazy	cviu11_p9_t24
gss-lazy	LVg11g58
gss-lazy	LVg22g30
gss-lazy	LVg36g47
gss-lazy	LVg8g59
gss-lazy	LVg8g66
gss-lazy	LVg9g47
gss-norestarts	cviu11_p11_t1
gss-norestarts	cviu11_p11_t100
gss-norestarts	cviu11_p11_t102
gss-norestarts	cviu11_p11_t105
gss-norestarts	cviu11_p11_t106
gss-norestarts	cviu11_p11_t107
gss-norestarts	cviu11_p11_t11
gss-norestarts	cviu11_p11_t110
gss-norestarts	cviu11_p11_t111
gss-norestarts	cviu11_p11_t112
gss-norestarts	cviu11_p11_t113
gss-norestarts	cviu11_p11_t114
gss-norestarts	cviu11_p11_t115
gss-norestarts	cviu11_p11_t118
gss-norestarts	cviu11_p11_t12
gss-norestarts	cviu11_p11_t122
gss-norestarts	cviu11_p11_t124
gss-norestarts	cviu11_p11_t127
gss-norestarts	cviu11_p11_t13
gss-norestarts	cviu11_p11_t130
gss-norestarts	cviu11_p11_t132
gss-norestarts	cviu11_p11_t133
gss-norestarts	cviu11_p11_t134
gss-norestarts	cviu11_p11_t135
gss-norestarts	cviu11_p11_t136
gss-norestarts	cviu11_p11_t137
gss-norestarts	cviu11_p11_t139
gss-norestarts	cviu11_p11_t14
gss-norestarts	cviu11_p11_t141
gss-norestarts	cviu11_p11_t143
gss-norestarts	cviu11_p11_t144
gss-norestarts	cviu11_p11_t15
gss-norestarts	cviu11_p11_t16
gss-norestarts	cviu11_p11_t22
gss-norestarts	cviu11_p11_t24
gss-norestarts	cviu11_p11_t25
gss-norestarts	cviu11_p11_t26
gss-norestarts	cviu11_p11_t27
gss-norestarts	cviu11_p11_t28
gss-norestarts	cviu11_p11_t34
gss-norestarts	cviu11_p11_t36
gss-norestarts	cviu11_p11_t39
gss-norestarts	cviu11_p11_t40
gss-norestarts	cviu11_p11_t41
gss-norestarts	cviu11_p11_t42
gss-norestarts	cviu11_p11_t46
gss-norestarts	cviu11_p11_t49
gss-norestarts	cviu11_p11_t51
gss-norestarts	cviu11_p11_t52
gss-norestarts	cviu11_p11_t53
gss-norestarts	cviu11_p11_t54
gss-norestarts	cviu11_p11_t55
gss-norestarts	cviu11_p11_t56
gss-norestarts	cviu11_p11_t60
gss-norestarts	cviu11_p11_t64
gss-norestarts	cviu11_p11_t65
gss-norestarts	cviu11_p11_t66
gss-norestarts	cviu11_p11_t79
gss-norestarts	cviu11_p11_t8
gss-norestarts	cviu11_p11_t80
gss-norestarts	cviu11_p11_t81
gss-norestarts	cviu11_p11_t82
gss-norestarts	cviu11_p11_t86
gss-norestarts	cviu11_p11_t87
gss-norestarts	cviu11_p11_t89
gss-norestarts	cviu11_p11_t9
gss-norestarts	cviu11_p11_t90
gss-norestarts	cviu11_p11_t91
gss-norestarts	cviu11_p11_t93
gss-norestarts	cviu11_p11_t95
gss-norestarts	cviu11_p11_t96
gss-norestarts	cviu11_p11_t97
gss-norestarts	cviu11_p11_t98
gss-norestarts	cviu11_p12_t106
gss-norestarts	cviu11_p12_t107
gss-norestarts	cviu11_p12_t110
gss-norestarts	cviu11_p12_t112
gss-norestarts	cviu11_p12_t113
gss-norestarts	cviu11_p12_t114
gss-norestarts	cviu11_p12_t115
gss-norestarts	cviu11_p12_t132
gss-norestarts	cviu11_p12_t134
gss-norestarts	cviu11_p12_t136
gss-norestarts	cviu11_p12_t143
gss-norestarts	cviu11_p12_t145
gss-norestarts	cviu11_p12_t2
gss-norestarts	cviu11_p12_t22
gss-norestarts	cviu11_p12_t24
gss-norestarts	cviu11_p12_t25
gss-norestarts	cviu11_p12_t26
gss-norestarts	cviu11_p12_t27
gss-norestarts	cviu11_p12_t36
gss-norestarts	cviu11_p12_t39
gss-norestarts	cviu11_p12_t41
gss-norestarts	cviu11_p12_t48
gss-norestarts	cviu11_p12_t52
gss-norestarts	cviu11_p12_t53
gss-norestarts	cviu11_p12_t54
gss-norestarts	cviu11_p12_t56
gss-norestarts	cviu11_p12_t60
gss-norestarts	cviu11_p12_t64
gss-norestarts	cviu11_p12_t65
gss-norestarts	cviu11_p12_t66
gss-norestarts	cviu11_p12_t79
gss-norestarts	cviu11_p12_t8
gss-norestarts	cviu11_p12_t81
gss-norestarts	cviu11_p12_t87
gss-norestarts	cviu11_p12_t89
gss-norestarts	cviu11_p12_t90
gss-norestarts	cviu11_p12_t98
gss-norestarts	cviu11_p14_t139
gss-norestarts	cviu11_p15_t111
gss-norestarts	cviu11_p15_t113
gss-norestarts	cviu11_p15_t126
gss-norestarts	cviu11_p15_t131
gss-norestarts	cviu11_p15_t132
gss-norestarts	cviu11_p15_t135
gss-norestarts	cviu11_p15_t22
gss-norestarts	cviu11_p15_t28
gss-norestarts	cviu11_p15_t39
gss-norestarts	cviu11_p15_t48
gss-norestarts	cviu11_p15_t54
gss-norestarts	cviu11_p15_t55
gss-norestarts	cviu11_p15_t66
gss-norestarts	cviu11_p15_t80
gss-norestarts	cviu11_p15_t89
gss-norestarts	cviu11_p15_t9
gss-norestarts	cviu11_p15_t90
gss-norestarts	cviu11_p15_t97
gss-norestarts	cviu11_p15_t98
gss-norestarts	cviu11_p16_t100
gss-norestarts	cviu11_p16_t101
gss-norestarts	cviu11_p16_t11
gss-norestarts	cviu11_p16_t110
gss-norestarts	cviu11_p16_t111
gss-norestarts	cviu11_p16_t113
gss-norestarts	cviu11_p16_t114
gss-norestarts	cviu11_p16_t126
gss-norestarts	cviu11_p16_t127
gss-norestarts	cviu11_p16_t129
gss-norestarts	cviu11_p16_t137
gss-norestarts	cviu11_p16_t139
gss-norestarts	cviu11_p16_t14
gss-norestarts	cviu11_p16_t141
gss-norestarts	cviu11_p16_t143
gss-norestarts	cviu11_p16_t145
gss-norestarts	cviu11_p16_t16
gss-norestarts	cviu11_p16_t24
gss-norestarts	cviu11_p16_t26
gss-norestarts	cviu11_p16_t28
gss-norestarts	cviu11_p16_t56
gss-norestarts	cviu11_p16_t58
gss-norestarts	cviu11_p16_t79
gss-norestarts	cviu11_p16_t84
gss-norestarts	cviu11_p16_t89
gss-norestarts	cviu11_p16_t90
gss-norestarts	cviu11_p16_t91
gss-norestarts	cviu11_p16_t98
gss-norestarts	cviu11_p17_t10
gss-norestarts	cviu11_p17_t102
gss-norestarts	cviu11_p17_t106
gss-norestarts	cviu11_p17_t109
gss-norestarts	cviu11_p17_t110
gss-norestarts	cviu11_p17_t112
gss-norestarts	cviu11_p17_t115
gss-norestarts	cviu11_p17_t117
gss-norestarts	cviu11_p17_t12
gss-norestarts	cviu11_p17_t137
gss-norestarts	cviu11_p17_t14
gss-norestarts	cviu11_p17_t141
gss-norestarts	cviu11_p17_t25
gss-norestarts	cviu11_p17_t42
gss-norestarts	cviu11_p17_t46
gss-norestarts	cviu11_p17_t49
gss-norestarts	cviu11_p17_t51
gss-norestarts	cviu11_p17_t52
gss-norestarts	cviu11_p17_t53
gss-norestarts	cviu11_p17_t54
gss-norestarts	cviu11_p17_t55
gss-norestarts	cviu11_p17_t56
gss-norestarts	cviu11_p17_t58
gss-norestarts	cviu11_p17_t81
gss-norestarts	cviu11_p17_t89
gss-norestarts	cviu11_p17_t9
gss-norestarts	cviu11_p17_t98
gss-norestarts	cviu11_p19_t100
gss-norestarts	cviu11_p19_t101
gss-norestarts	cviu11_p19_t126
gss-norestarts	cviu11_p19_t127
gss-norestarts	cviu11_p19_t129
gss-norestarts	cviu11_p19_t130
gss-norestarts	cviu11_p19_t137
gss-norestarts	cviu11_p19_t14
gss-norestarts	cviu11_p19_t15
gss-norestarts	cviu11_p19_t16
gss-norestarts	cviu11_p19_t24
gss-norestarts	cviu11_p19_t28
gss-norestarts	cviu11_p19_t84
gss-norestarts	cviu11_p19_t91
gss-norestarts	cviu11_p19_t95
gss-norestarts	cviu11_p20_t100
gss-norestarts	cviu11_p20_t101
gss-norestarts	cviu11_p20_t102
gss-norestarts	cviu11_p20_t11
gss-norestarts	cviu11_p20_t110
gss-norestarts	cviu11_p20_t111
gss-norestarts	cviu11_p20_t112
gss-norestarts	cviu11_p20_t113
gss-norestarts	cviu11_p20_t114
gss-norestarts	cviu11_p20_t127
gss-norestarts	cviu11_p20_t130
gss-norestarts	cviu11_p20_t131
gss-norestarts	cviu11_p20_t133
gss-norestarts	cviu11_p20_t14
gss-norestarts	cviu11_p20_t141
gss-norestarts	cviu11_p20_t145
gss-norestarts	cviu11_p20_t16
gss-norestarts	cviu11_p20_t24
gss-norestarts	cviu11_p20_t25
gss-norestarts	cviu11_p20_t26
gss-norestarts	cviu11_p20_t28
gss-norestarts	cviu11_p20_t53
gss-norestarts	cviu11_p20_t55
gss-norestarts	cviu11_p20_t56
gss-norestarts	cviu11_p20_t58
gss-norestarts	cviu11_p20_t66
gss-norestarts	cviu11_p20_t84
gss-norestarts	cviu11_p20_t90
gss-norestarts	cviu11_p20_t95
gss-norestarts	cviu11_p20_t98
gss-norestarts	cviu11_p21_t100
gss-norestarts	cviu11_p21_t24
gss-norestarts	cviu11_p21_t28
gss-norestarts	cviu11_p21_t91
gss-norestarts	cviu11_p21_t95
gss-norestarts	cviu11_p22_t100
gss-norestarts	cviu11_p22_t114
gss-norestarts	cviu11_p22_t145
gss-norestarts	cviu11_p22_t24
gss-norestarts	cviu11_p22_t90
gss-norestarts	cviu11_p22_t95
gss-norestarts	cviu11_p22_t98
gss-norestarts	cviu11_p23_t100
gss-norestarts	cviu11_p23_t110
gss-norestarts	cviu11_p23_t111
gss-norestarts	cviu11_p23_t112
gss-norestarts	cviu11_p23_t113
gss-norestarts	cviu11_p23_t114
gss-norestarts	cviu11_p23_t133
gss-norestarts	cviu11_p23_t139
gss-norestarts	cviu11_p23_t143
gss-norestarts	cviu11_p23_t145
gss-norestarts	cviu11_p23_t22
gss-norestarts	cviu11_p23_t24
gss-norestarts	cviu11_p23_t26
gss-norestarts	cviu11_p23_t28
gss-norestarts	cviu11_p23_t48
gss-norestarts	cviu11_p23_t53
gss-norestarts	cviu11_p23_t54
gss-norestarts	cviu11_p23_t55
gss-norestarts	cviu11_p23_t56
gss-norestarts	cviu11_p23_t58
gss-norestarts	cviu11_p23_t79
gss-norestarts	cviu11_p23_t89
gss-norestarts	cviu11_p23_t90
gss-norestarts	cviu11_p23_t96
gss-norestarts	cviu11_p23_t98
gss-norestarts	cviu11_p24_t1
gss-norestarts	cviu11_p24_t100
gss-norestarts	cviu11_p24_t101
gss-norestarts	cviu11_p24_t102
gss-norestarts	cviu11_p24_t106
gss-norestarts	cviu11_p24_t107
gss-norestarts	cviu11_p24_t109
gss-norestarts	cviu11_p24_t11
gss-norestarts	cviu11_p24_t110
gss-norestarts	cviu11_p24_t111
gss-norestarts	cviu11_p24_t113
gss-norestarts	cviu11_p24_t114
gss-norestarts	cviu11_p24_t115
gss-norestarts	cviu11_p24_t122
gss-norestarts	cviu11_p24_t126
gss-norestarts	cviu11_p24_t127
gss-norestarts	cviu11_p24_t129
gss-norestarts	cviu11_p24_t13
gss-norestarts	cviu11_p24_t130
gss-norestarts	cviu11_p24_t131
gss-norestarts	cviu11_p24_t132
gss-norestarts	cviu11_p24_t133
gss-norestarts	cviu11_p24_t134
gss-norestarts	cviu11_p24_t135
gss-norestarts	cviu11_p24_t137
gss-norestarts	cviu11_p24_t139
gss-norestarts	cviu11_p24_t14
gss-norestarts	cviu11_p24_t141
gss-norestarts	cviu11_p24_t143
gss-norestarts	cviu11_p24_t144
gss-norestarts	cviu11_p24_t145
gss-norestarts	cviu11_p24_t15
gss-norestarts	cviu11_p24_t2
gss-norestarts	cviu11_p24_t22
gss-norestarts	cviu11_p24_t24
gss-norestarts	cviu11_p24_t25
gss-norestarts	cviu11_p24_t26
gss-norestarts	cviu11_p24_t27
gss-norestarts	cviu11_p24_t28
gss-norestarts	cviu11_p24_t34
gss-norestarts	cviu11_p24_t36
gss-norestarts	cviu11_p24_t39
gss-norestarts	cviu11_p24_t40
gss-norestarts	cviu11_p24_t41
gss-norestarts	cviu11_p24_t48
gss-norestarts	cviu11_p24_t49
gss-norestarts	cviu11_p24_t52
gss-norestarts	cviu11_p24_t53
gss-norestarts	cviu11_p24_t54
gss-norestarts	cviu11_p24_t56
gss-norestarts	cviu11_p24_t60
gss-norestarts	cviu11_p24_t64
gss-norestarts	cviu11_p24_t65
gss-norestarts	cviu11_p24_t66
gss-norestarts	cviu11_p24_t79
gss-norestarts	cviu11_p24_t8
gss-norestarts	cviu11_p24_t80
gss-norestarts	cviu11_p24_t81
gss-norestarts	cviu11_p24_t84
gss-norestarts	cviu11_p24_t86
gss-norestarts	cviu11_p24_t87
gss-norestarts	cviu11_p24_t9
gss-norestarts	cviu11_p24_t90
gss-norestarts	cviu11_p24_t91
gss-norestarts	cviu11_p24_t95
gss-norestarts	cviu11_p24_t96
gss-norestarts	cviu11_p24_t97
gss-norestarts	cviu11_p24_t98
gss-norestarts	cviu11_p26_t100
gss-norestarts	cviu11_p26_t114
gss-norestarts	cviu11_p26_t14
gss-norestarts	cviu11_p26_t24
gss-norestarts	cviu11_p26_t28
gss-norestarts	cviu11_p26_t90
gss-norestarts	cviu11_p26_t95
gss-norestarts	cviu11_p26_t98
gss-norestarts	cviu11_p27_t129
gss-norestarts	cviu11_p27_t98
gss-norestarts	cviu11_p28_t100
gss-norestarts	cviu11_p28_t102
gss-norestarts	cviu11_p28_t110
gss-norestarts	cviu11_p28_t111
gss-norestarts	cviu11_p28_t112
gss-norestarts	cviu11_p28_t137
gss-norestarts	cviu11_p28_t143
gss-norestarts	cviu11_p28_t145
gss-norestarts	cviu11_p28_t24
gss-norestarts	cviu11_p28_t26
gss-norestarts	cviu11_p28_t28
gss-norestarts	cviu11_p28_t56
gss-norestarts	cviu11_p28_t58
gss-norestarts	cviu11_p28_t79
gss-norestarts	cviu11_p28_t90
gss-norestarts	cviu11_p28_t95
gss-norestarts	cviu11_p28_t98
gss-norestarts	cviu11_p29_t10
gss-norestarts	cviu11_p29_t131
gss-norestarts	cviu11_p29_t23
gss-norestarts	cviu11_p29_t25
gss-norestarts	cviu11_p29_t3
gss-norestarts	cviu11_p29_t42
gss-norestarts	cviu11_p29_t46
gss-norestarts	cviu11_p29_t56
gss-norestarts	cviu11_p29_t60
gss-norestarts	cviu11_p29_t84
gss-norestarts	cviu11_p29_t86
gss-norestarts	cviu11_p29_t95
gss-norestarts	cviu11_p29_t96
gss-norestarts	cviu11_p29_t97
gss-norestarts	cviu11_p29_t98
gss-norestarts	cviu11_p2_t100
gss-norestarts	cviu11_p2_t113
gss-norestarts	cviu11_p2_t114
gss-norestarts	cviu11_p2_t121
gss-norestarts	cviu11_p2_t139
gss-norestarts	cviu11_p2_t24
gss-norestarts	cviu11_p2_t28
gss-norestarts	cviu11_p2_t31
gss-norestarts	cviu11_p2_t41
gss-norestarts	cviu11_p2_t42
gss-norestarts	cviu11_p2_t55
gss-norestarts	cviu11_p2_t56
gss-norestarts	cviu11_p2_t64
gss-norestarts	cviu11_p2_t79
gss-norestarts	cviu11_p2_t87
gss-norestarts	cviu11_p2_t90
gss-norestarts	cviu11_p30_t100
gss-norestarts	cviu11_p30_t112
gss-norestarts	cviu11_p30_t113
gss-norestarts	cviu11_p30_t114
gss-norestarts	cviu11_p30_t132
gss-norestarts	cviu11_p30_t133
gss-norestarts	cviu11_p30_t135
gss-norestarts	cviu11_p30_t136
gss-norestarts	cviu11_p30_t139
gss-norestarts	cviu11_p30_t14
gss-norestarts	cviu11_p30_t141
gss-norestarts	cviu11_p30_t143
gss-norestarts	cviu11_p30_t145
gss-norestarts	cviu11_p30_t24
gss-norestarts	cviu11_p30_t39
gss-norestarts	cviu11_p30_t48
gss-norestarts	cviu11_p30_t53
gss-norestarts	cviu11_p30_t79
gss-norestarts	cviu11_p30_t89.core1
gss-norestarts	cviu11_p30_t97
gss-norestarts	cviu11_p30_t98.core1
gss-norestarts	cviu11_p33_t107
gss-norestarts	cviu11_p33_t113
gss-norestarts	cviu11_p33_t115
gss-norestarts	cviu11_p33_t118
gss-norestarts	cviu11_p33_t132
gss-norestarts	cviu11_p33_t145
gss-norestarts	cviu11_p33_t2
gss-norestarts	cviu11_p33_t22
gss-norestarts	cviu11_p33_t27
gss-norestarts	cviu11_p33_t39
gss-norestarts	cviu11_p33_t41
gss-norestarts	cviu11_p33_t48
gss-norestarts	cviu11_p33_t51
gss-norestarts	cviu11_p33_t52
gss-norestarts	cviu11_p33_t54
gss-norestarts	cviu11_p33_t60
gss-norestarts	cviu11_p33_t79
gss-norestarts	cviu11_p33_t89
gss-norestarts	cviu11_p34_t100
gss-norestarts	cviu11_p34_t104
gss-norestarts	cviu11_p34_t106
gss-norestarts	cviu11_p34_t107
gss-norestarts	cviu11_p34_t111
gss-norestarts	cviu11_p34_t112
gss-norestarts	cviu11_p34_t114
gss-norestarts	cviu11_p34_t118
gss-norestarts	cviu11_p34_t120
gss-norestarts	cviu11_p34_t121
gss-norestarts	cviu11_p34_t13
gss-norestarts	cviu11_p34_t132
gss-norestarts	cviu11_p34_t136
gss-norestarts	cviu11_p34_t141
gss-norestarts	cviu11_p34_t143
gss-norestarts	cviu11_p34_t18
gss-norestarts	cviu11_p34_t2
gss-norestarts	cviu11_p34_t22
gss-norestarts	cviu11_p34_t23
gss-norestarts	cviu11_p34_t25
gss-norestarts	cviu11_p34_t28
gss-norestarts	cviu11_p34_t34
gss-norestarts	cviu11_p34_t36
gss-norestarts	cviu11_p34_t39
gss-norestarts	cviu11_p34_t4
gss-norestarts	cviu11_p34_t40
gss-norestarts	cviu11_p34_t41
gss-norestarts	cviu11_p34_t46
gss-norestarts	cviu11_p34_t48
gss-norestarts	cviu11_p34_t51
gss-norestarts	cviu11_p34_t52
gss-norestarts	cviu11_p34_t53
gss-norestarts	cviu11_p34_t56
gss-norestarts	cviu11_p34_t59
gss-norestarts	cviu11_p34_t6
gss-norestarts	cviu11_p34_t60
gss-norestarts	cviu11_p34_t63
gss-norestarts	cviu11_p34_t65
gss-norestarts	cviu11_p34_t71
gss-norestarts	cviu11_p34_t8
gss-norestarts	cviu11_p34_t81
gss-norestarts	cviu11_p34_t82
gss-norestarts	cviu11_p34_t85
gss-norestarts	cviu11_p34_t88
gss-norestarts	cviu11_p34_t90
gss-norestarts	cviu11_p34_t93
gss-norestarts	cviu11_p34_t96
gss-norestarts	cviu11_p34_t97
gss-norestarts	cviu11_p34_t98
gss-norestarts	cviu11_p34_t99
gss-norestarts	cviu11_p35_t111
gss-norestarts	cviu11_p35_t113
gss-norestarts	cviu11_p35_t26
gss-norestarts	cviu11_p35_t48
gss-norestarts	cviu11_p35_t53
gss-norestarts	cviu11_p35_t54
gss-norestarts	cviu11_p35_t58
gss-norestarts	cviu11_p35_t95
gss-norestarts	cviu11_p35_t98
gss-norestarts	cviu11_p37_t100
gss-norestarts	cviu11_p37_t114
gss-norestarts	cviu11_p37_t139
gss-norestarts	cviu11_p37_t141
gss-norestarts	cviu11_p37_t24
gss-norestarts	cviu11_p37_t26
gss-norestarts	cviu11_p37_t28
gss-norestarts	cviu11_p37_t90
gss-norestarts	cviu11_p38_t114
gss-norestarts	cviu11_p38_t139
gss-norestarts	cviu11_p38_t98
gss-norestarts	cviu11_p3_t100
gss-norestarts	cviu11_p3_t107
gss-norestarts	cviu11_p3_t110
gss-norestarts	cviu11_p3_t111
gss-norestarts	cviu11_p3_t113
gss-norestarts	cviu11_p3_t114
gss-norestarts	cviu11_p3_t115
gss-norestarts	cviu11_p3_t118
gss-norestarts	cviu11_p3_t12
gss-norestarts	cviu11_p3_t122
gss-norestarts	cviu11_p3_t127
gss-norestarts	cviu11_p3_t132
gss-norestarts	cviu11_p3_t133
gss-norestarts	cviu11_p3_t135
gss-norestarts	cviu11_p3_t136
gss-norestarts	cviu11_p3_t139
gss-norestarts	cviu11_p3_t14
gss-norestarts	cviu11_p3_t141
gss-norestarts	cviu11_p3_t143
gss-norestarts	cviu11_p3_t144
gss-norestarts	cviu11_p3_t145
gss-norestarts	cviu11_p3_t15
gss-norestarts	cviu11_p3_t16
gss-norestarts	cviu11_p3_t2
gss-norestarts	cviu11_p3_t22
gss-norestarts	cviu11_p3_t24
gss-norestarts	cviu11_p3_t25
gss-norestarts	cviu11_p3_t26
gss-norestarts	cviu11_p3_t27
gss-norestarts	cviu11_p3_t28
gss-norestarts	cviu11_p3_t34
gss-norestarts	cviu11_p3_t39
gss-norestarts	cviu11_p3_t40
gss-norestarts	cviu11_p3_t41
gss-norestarts	cviu11_p3_t42.core1
gss-norestarts	cviu11_p3_t48
gss-norestarts	cviu11_p3_t49
gss-norestarts	cviu11_p3_t51
gss-norestarts	cviu11_p3_t52
gss-norestarts	cviu11_p3_t53
gss-norestarts	cviu11_p3_t54
gss-norestarts	cviu11_p3_t55
gss-norestarts	cviu11_p3_t56
gss-norestarts	cviu11_p3_t58
gss-norestarts	cviu11_p3_t60
gss-norestarts	cviu11_p3_t64
gss-norestarts	cviu11_p3_t65
gss-norestarts	cviu11_p3_t66
gss-norestarts	cviu11_p3_t8
gss-norestarts	cviu11_p3_t82
gss-norestarts	cviu11_p3_t87
gss-norestarts	cviu11_p3_t89.core1
gss-norestarts	cviu11_p3_t9
gss-norestarts	cviu11_p3_t90
gss-norestarts	cviu11_p3_t93
gss-norestarts	cviu11_p3_t96
gss-norestarts	cviu11_p3_t97
gss-norestarts	cviu11_p3_t98
gss-norestarts	cviu11_p40_t100
gss-norestarts	cviu11_p40_t127
gss-norestarts	cviu11_p40_t137
gss-norestarts	cviu11_p40_t145
gss-norestarts	cviu11_p40_t15
gss-norestarts	cviu11_p40_t26
gss-norestarts	cviu11_p40_t28
gss-norestarts	cviu11_p40_t84
gss-norestarts	cviu11_p40_t90
gss-norestarts	cviu11_p40_t95
gss-norestarts	cviu11_p40_t98
gss-norestarts	cviu11_p41_t143.core1
gss-norestarts	cviu11_p41_t66.core1
gss-norestarts	cviu11_p41_t98.core2
gss-norestarts	cviu11_p42_t100
gss-norestarts	cviu11_p42_t114
gss-norestarts	cviu11_p42_t139
gss-norestarts	cviu11_p42_t14
gss-norestarts	cviu11_p42_t24
gss-norestarts	cviu11_p42_t26
gss-norestarts	cviu11_p42_t28
gss-norestarts	cviu11_p42_t91
gss-norestarts	cviu11_p42_t95
gss-norestarts	cviu11_p42_t98
gss-norestarts	cviu11_p43_t100
gss-norestarts	cviu11_p43_t101
gss-norestarts	cviu11_p43_t114
gss-norestarts	cviu11_p43_t130
gss-norestarts	cviu11_p43_t139
gss-norestarts	cviu11_p43_t14
gss-norestarts	cviu11_p43_t141
gss-norestarts	cviu11_p43_t145
gss-norestarts	cviu11_p43_t16
gss-norestarts	cviu11_p43_t24
gss-norestarts	cviu11_p43_t26
gss-norestarts	cviu11_p43_t28
gss-norestarts	cviu11_p43_t55
gss-norestarts	cviu11_p43_t56
gss-norestarts	cviu11_p43_t79
gss-norestarts	cviu11_p43_t84
gss-norestarts	cviu11_p43_t90
gss-norestarts	cviu11_p43_t91
gss-norestarts	cviu11_p43_t98
gss-norestarts	cviu11_p44_t127
gss-norestarts	cviu11_p44_t91
gss-norestarts	cviu11_p44_t95
gss-norestarts	cviu11_p5_t100
gss-norestarts	cviu11_p5_t101
gss-norestarts	cviu11_p5_t11
gss-norestarts	cviu11_p5_t110
gss-norestarts	cviu11_p5_t111
gss-norestarts	cviu11_p5_t112
gss-norestarts	cviu11_p5_t114
gss-norestarts	cviu11_p5_t126
gss-norestarts	cviu11_p5_t131
gss-norestarts	cviu11_p5_t137
gss-norestarts	cviu11_p5_t139
gss-norestarts	cviu11_p5_t14
gss-norestarts	cviu11_p5_t141
gss-norestarts	cviu11_p5_t143
gss-norestarts	cviu11_p5_t15
gss-norestarts	cviu11_p5_t16
gss-norestarts	cviu11_p5_t24
gss-norestarts	cviu11_p5_t26
gss-norestarts	cviu11_p5_t28
gss-norestarts	cviu11_p5_t56
gss-norestarts	cviu11_p5_t58
gss-norestarts	cviu11_p5_t79
gss-norestarts	cviu11_p5_t84
gss-norestarts	cviu11_p5_t89
gss-norestarts	cviu11_p5_t90
gss-norestarts	cviu11_p5_t98
gss-norestarts	cviu11_p6_t111
gss-norestarts	cviu11_p6_t113
gss-norestarts	cviu11_p6_t114
gss-norestarts	cviu11_p6_t133
gss-norestarts	cviu11_p6_t136
gss-norestarts	cviu11_p6_t139
gss-norestarts	cviu11_p6_t143
gss-norestarts	cviu11_p6_t145
gss-norestarts	cviu11_p6_t25
gss-norestarts	cviu11_p6_t28
gss-norestarts	cviu11_p6_t41
gss-norestarts	cviu11_p6_t42
gss-norestarts	cviu11_p6_t48
gss-norestarts	cviu11_p6_t52
gss-norestarts	cviu11_p6_t54
gss-norestarts	cviu11_p6_t55
gss-norestarts	cviu11_p6_t56
gss-norestarts	cviu11_p6_t64
gss-norestarts	cviu11_p6_t79
gss-norestarts	cviu11_p6_t81
gss-norestarts	cviu11_p6_t90
gss-norestarts	cviu11_p6_t96
gss-norestarts	cviu11_p6_t97
gss-norestarts	cviu11_p7_t100
gss-norestarts	cviu11_p7_t102
gss-norestarts	cviu11_p7_t107
gss-norestarts	cviu11_p7_t113
gss-norestarts	cviu11_p7_t114
gss-norestarts	cviu11_p7_t132
gss-norestarts	cviu11_p7_t134
gss-norestarts	cviu11_p7_t139
gss-norestarts	cviu11_p7_t143
gss-norestarts	cviu11_p7_t145
gss-norestarts	cviu11_p7_t22
gss-norestarts	cviu11_p7_t24
gss-norestarts	cviu11_p7_t25
gss-norestarts	cviu11_p7_t28
gss-norestarts	cviu11_p7_t36
gss-norestarts	cviu11_p7_t39
gss-norestarts	cviu11_p7_t48
gss-norestarts	cviu11_p7_t53
gss-norestarts	cviu11_p7_t54
gss-norestarts	cviu11_p7_t55
gss-norestarts	cviu11_p7_t56
gss-norestarts	cviu11_p7_t58
gss-norestarts	cviu11_p7_t66
gss-norestarts	cviu11_p7_t79
gss-norestarts	cviu11_p7_t80
gss-norestarts	cviu11_p7_t89
gss-norestarts	cviu11_p7_t90
gss-norestarts	cviu11_p7_t96
gss-norestarts	cviu11_p7_t97
gss-norestarts	cviu11_p7_t98
gss-norestarts	cviu11_p9_t127
gss-norestarts	cviu11_p9_t24
gss-norestarts	LVg11g58
gss-norestarts	LVg36g47
gss-norestarts	LVg8g59
gss-norestarts	LVg8g66
gss-norestarts	LVg9g47
gss-nostaged	cviu11_p10_t84
gss-nostaged	cviu11_p11_t1
gss-nostaged	cviu11_p11_t100
gss-nostaged	cviu11_p11_t102
gss-nostaged	cviu11_p11_t103
gss-nostaged	cviu11_p11_t106
gss-nostaged	cviu11_p11_t107
gss-nostaged	cviu11_p11_t11
gss-nostaged	cviu11_p11_t111
gss-nostaged	cviu11_p11_t112
gss-nostaged	cviu11_p11_t113
gss-nostaged	cviu11_p11_t114
gss-nostaged	cviu11_p11_t115
gss-nostaged	cviu11_p11_t118
gss-nostaged	cviu11_p11_t12
gss-nostaged	cviu11_p11_t122
gss-nostaged	cviu11_p11_t124
gss-nostaged	cviu11_p11_t126
gss-nostaged	cviu11_p11_t127
gss-nostaged	cviu11_p11_t13
gss-nostaged	cviu11_p11_t130
gss-nostaged	cviu11_p11_t131
gss-nostaged	cviu11_p11_t132
gss-nostaged	cviu11_p11_t133
gss-nostaged	cviu11_p11_t134
gss-nostaged	cviu11_p11_t135
gss-nostaged	cviu11_p11_t136
gss-nostaged	cviu11_p11_t139
gss-nostaged	cviu11_p11_t14
gss-nostaged	cviu11_p11_t141
gss-nostaged	cviu11_p11_t143
gss-nostaged	cviu11_p11_t144
gss-nostaged	cviu11_p11_t15
gss-nostaged	cviu11_p11_t16
gss-nostaged	cviu11_p11_t22
gss-nostaged	cviu11_p11_t24
gss-nostaged	cviu11_p11_t25
gss-nostaged	cviu11_p11_t26
gss-nostaged	cviu11_p11_t28
gss-nostaged	cviu11_p11_t34
gss-nostaged	cviu11_p11_t36
gss-nostaged	cviu11_p11_t39
gss-nostaged	cviu11_p11_t40
gss-nostaged	cviu11_p11_t41
gss-nostaged	cviu11_p11_t42
gss-nostaged	cviu11_p11_t46
gss-nostaged	cviu11_p11_t49
gss-nostaged	cviu11_p11_t51
gss-nostaged	cviu11_p11_t52
gss-nostaged	cviu11_p11_t53
gss-nostaged	cviu11_p11_t55
gss-nostaged	cviu11_p11_t56
gss-nostaged	cviu11_p11_t60
gss-nostaged	cviu11_p11_t64
gss-nostaged	cviu11_p11_t65
gss-nostaged	cviu11_p11_t66
gss-nostaged	cviu11_p11_t79
gss-nostaged	cviu11_p11_t8
gss-nostaged	cviu11_p11_t80
gss-nostaged	cviu11_p11_t81
gss-nostaged	cviu11_p11_t82
gss-nostaged	cviu11_p11_t86
gss-nostaged	cviu11_p11_t87
gss-nostaged	cviu11_p11_t89
gss-nostaged	cviu11_p11_t9
gss-nostaged	cviu11_p11_t90
gss-nostaged	cviu11_p11_t95
gss-nostaged	cviu11_p11_t96
gss-nostaged	cviu11_p11_t97
gss-nostaged	cviu11_p11_t98
gss-nostaged	cviu11_p12_t10
gss-nostaged	cviu11_p12_t100
gss-nostaged	cviu11_p12_t102
gss-nostaged	cviu11_p12_t103
gss-nostaged	cviu11_p12_t107
gss-nostaged	cviu11_p12_t11
gss-nostaged	cviu11_p12_t110
gss-nostaged	cviu11_p12_t111
gss-nostaged	cviu11_p12_t112
gss-nostaged	cviu11_p12_t113
gss-nostaged	cviu11_p12_t114
gss-nostaged	cviu11_p12_t118
gss-nostaged	cviu11_p12_t126
gss-nostaged	cviu11_p12_t131
gss-nostaged	cviu11_p12_t132
gss-nostaged	cviu11_p12_t133
gss-nostaged	cviu11_p12_t135
gss-nostaged	cviu11_p12_t136
gss-nostaged	cviu11_p12_t137
gss-nostaged	cviu11_p12_t139
gss-nostaged	cviu11_p12_t14
gss-nostaged	cviu11_p12_t141
gss-nostaged	cviu11_p12_t143
gss-nostaged	cviu11_p12_t144
gss-nostaged	cviu11_p12_t145
gss-nostaged	cviu11_p12_t15
gss-nostaged	cviu11_p12_t16
gss-nostaged	cviu11_p12_t2
gss-nostaged	cviu11_p12_t24
gss-nostaged	cviu11_p12_t26
gss-nostaged	cviu11_p12_t27
gss-nostaged	cviu11_p12_t28
gss-nostaged	cviu11_p12_t36
gss-nostaged	cviu11_p12_t39
gss-nostaged	cviu11_p12_t41
gss-nostaged	cviu11_p12_t48
gss-nostaged	cviu11_p12_t52
gss-nostaged	cviu11_p12_t53
gss-nostaged	cviu11_p12_t54
gss-nostaged	cviu11_p12_t55
gss-nostaged	cviu11_p12_t56
gss-nostaged	cviu11_p12_t58
gss-nostaged	cviu11_p12_t66
gss-nostaged	cviu11_p12_t79
gss-nostaged	cviu11_p12_t8
gss-nostaged	cviu11_p12_t80
gss-nostaged	cviu11_p12_t81
gss-nostaged	cviu11_p12_t84
gss-nostaged	cviu11_p12_t87
gss-nostaged	cviu11_p12_t89
gss-nostaged	cviu11_p12_t90
gss-nostaged	cviu11_p12_t95.core1
gss-nostaged	cviu11_p12_t96
gss-nostaged	cviu11_p12_t97
gss-nostaged	cviu11_p12_t98
gss-nostaged	cviu11_p13_t127
gss-nostaged	cviu11_p13_t143
gss-nostaged	cviu11_p13_t55
gss-nostaged	cviu11_p13_t90
gss-nostaged	cviu11_p13_t91
gss-nostaged	cviu11_p13_t98
gss-nostaged	cviu11_p14_t100
gss-nostaged	cviu11_p14_t101
gss-nostaged	cviu11_p14_t114
gss-nostaged	cviu11_p14_t126
gss-nostaged	cviu11_p14_t127
gss-nostaged	cviu11_p14_t129
gss-nostaged	cviu11_p14_t130
gss-nostaged	cviu11_p14_t137
gss-nostaged	cviu11_p14_t139
gss-nostaged	cviu11_p14_t14
gss-nostaged	cviu11_p14_t15
gss-nostaged	cviu11_p14_t16
gss-nostaged	cviu11_p14_t24
gss-nostaged	cviu11_p14_t26
gss-nostaged	cviu11_p14_t28
gss-nostaged	cviu11_p14_t84
gss-nostaged	cviu11_p14_t98
gss-nostaged	cviu11_p15_t100
gss-nostaged	cviu11_p15_t101
gss-nostaged	cviu11_p15_t102
gss-nostaged	cviu11_p15_t107
gss-nostaged	cviu11_p15_t11
gss-nostaged	cviu11_p15_t110
gss-nostaged	cviu11_p15_t111
gss-nostaged	cviu11_p15_t112
gss-nostaged	cviu11_p15_t113
gss-nostaged	cviu11_p15_t114
gss-nostaged	cviu11_p15_t115
gss-nostaged	cviu11_p15_t122
gss-nostaged	cviu11_p15_t126
gss-nostaged	cviu11_p15_t127
gss-nostaged	cviu11_p15_t131
gss-nostaged	cviu11_p15_t132
gss-nostaged	cviu11_p15_t135
gss-nostaged	cviu11_p15_t136
gss-nostaged	cviu11_p15_t14
gss-nostaged	cviu11_p15_t141
gss-nostaged	cviu11_p15_t143
gss-nostaged	cviu11_p15_t144
gss-nostaged	cviu11_p15_t145
gss-nostaged	cviu11_p15_t15
gss-nostaged	cviu11_p15_t16
gss-nostaged	cviu11_p15_t2
gss-nostaged	cviu11_p15_t22
gss-nostaged	cviu11_p15_t24
gss-nostaged	cviu11_p15_t25
gss-nostaged	cviu11_p15_t26
gss-nostaged	cviu11_p15_t28
gss-nostaged	cviu11_p15_t36
gss-nostaged	cviu11_p15_t41
gss-nostaged	cviu11_p15_t53
gss-nostaged	cviu11_p15_t54
gss-nostaged	cviu11_p15_t55
gss-nostaged	cviu11_p15_t56
gss-nostaged	cviu11_p15_t66
gss-nostaged	cviu11_p15_t8
gss-nostaged	cviu11_p15_t81
gss-nostaged	cviu11_p15_t84
gss-nostaged	cviu11_p15_t89
gss-nostaged	cviu11_p15_t9
gss-nostaged	cviu11_p15_t90
gss-nostaged	cviu11_p15_t95
gss-nostaged	cviu11_p15_t96
gss-nostaged	cviu11_p15_t97
gss-nostaged	cviu11_p15_t98
gss-nostaged	cviu11_p16_t100
gss-nostaged	cviu11_p16_t101
gss-nostaged	cviu11_p16_t102
gss-nostaged	cviu11_p16_t11
gss-nostaged	cviu11_p16_t110
gss-nostaged	cviu11_p16_t112
gss-nostaged	cviu11_p16_t113
gss-nostaged	cviu11_p16_t114
gss-nostaged	cviu11_p16_t126
gss-nostaged	cviu11_p16_t127
gss-nostaged	cviu11_p16_t129
gss-nostaged	cviu11_p16_t130
gss-nostaged	cviu11_p16_t14
gss-nostaged	cviu11_p16_t141
gss-nostaged	cviu11_p16_t143
gss-nostaged	cviu11_p16_t145
gss-nostaged	cviu11_p16_t16
gss-nostaged	cviu11_p16_t24
gss-nostaged	cviu11_p16_t26
gss-nostaged	cviu11_p16_t28
gss-nostaged	cviu11_p16_t56
gss-nostaged	cviu11_p16_t58
gss-nostaged	cviu11_p16_t79
gss-nostaged	cviu11_p16_t84
gss-nostaged	cviu11_p16_t89
gss-nostaged	cviu11_p16_t90
gss-nostaged	cviu11_p16_t95
gss-nostaged	cviu11_p16_t98
gss-nostaged	cviu11_p17_t1
gss-nostaged	cviu11_p17_t100
gss-nostaged	cviu11_p17_t101
gss-nostaged	cviu11_p17_t102
gss-nostaged	cviu11_p17_t106
gss-nostaged	cviu11_p17_t107
gss-nostaged	cviu11_p17_t109
gss-nostaged	cviu11_p17_t11
gss-nostaged	cviu11_p17_t110
gss-nostaged	cviu11_p17_t111
gss-nostaged	cviu11_p17_t112
gss-nostaged	cviu11_p17_t113
gss-nostaged	cviu11_p17_t114
gss-nostaged	cviu11_p17_t115
gss-nostaged	cviu11_p17_t118
gss-nostaged	cviu11_p17_t12
gss-nostaged	cviu11_p17_t122
gss-nostaged	cviu11_p17_t124
gss-nostaged	cviu11_p17_t127
gss-nostaged	cviu11_p17_t13
gss-nostaged	cviu11_p17_t131
gss-nostaged	cviu11_p17_t132
gss-nostaged	cviu11_p17_t133
gss-nostaged	cviu11_p17_t134
gss-nostaged	cviu11_p17_t135
gss-nostaged	cviu11_p17_t136
gss-nostaged	cviu11_p17_t137
gss-nostaged	cviu11_p17_t14
gss-nostaged	cviu11_p17_t141
gss-nostaged	cviu11_p17_t143
gss-nostaged	cviu11_p17_t144
gss-nostaged	cviu11_p17_t145
gss-nostaged	cviu11_p17_t16
gss-nostaged	cviu11_p17_t2
gss-nostaged	cviu11_p17_t22
gss-nostaged	cviu11_p17_t24
gss-nostaged	cviu11_p17_t25
gss-nostaged	cviu11_p17_t26
gss-nostaged	cviu11_p17_t27
gss-nostaged	cviu11_p17_t28
gss-nostaged	cviu11_p17_t31
gss-nostaged	cviu11_p17_t34
gss-nostaged	cviu11_p17_t36
gss-nostaged	cviu11_p17_t39
gss-nostaged	cviu11_p17_t4
gss-nostaged	cviu11_p17_t40
gss-nostaged	cviu11_p17_t41
gss-nostaged	cviu11_p17_t42
gss-nostaged	cviu11_p17_t46
gss-nostaged	cviu11_p17_t48
gss-nostaged	cviu11_p17_t49
gss-nostaged	cviu11_p17_t51
gss-nostaged	cviu11_p17_t52
gss-nostaged	cviu11_p17_t53
gss-nostaged	cviu11_p17_t54
gss-nostaged	cviu11_p17_t55
gss-nostaged	cviu11_p17_t56
gss-nostaged	cviu11_p17_t60
gss-nostaged	cviu11_p17_t64
gss-nostaged	cviu11_p17_t66
gss-nostaged	cviu11_p17_t79
gss-nostaged	cviu11_p17_t8
gss-nostaged	cviu11_p17_t81
gss-nostaged	cviu11_p17_t84
gss-nostaged	cviu11_p17_t87
gss-nostaged	cviu11_p17_t89
gss-nostaged	cviu11_p17_t9
gss-nostaged	cviu11_p17_t90
gss-nostaged	cviu11_p17_t93
gss-nostaged	cviu11_p17_t96
gss-nostaged	cviu11_p17_t97
gss-nostaged	cviu11_p17_t98
gss-nostaged	cviu11_p18_t100
gss-nostaged	cviu11_p18_t101
gss-nostaged	cviu11_p18_t102
gss-nostaged	cviu11_p18_t103
gss-nostaged	cviu11_p18_t11
gss-nostaged	cviu11_p18_t110
gss-nostaged	cviu11_p18_t111
gss-nostaged	cviu11_p18_t112
gss-nostaged	cviu11_p18_t113
gss-nostaged	cviu11_p18_t114
gss-nostaged	cviu11_p18_t126
gss-nostaged	cviu11_p18_t129
gss-nostaged	cviu11_p18_t130
gss-nostaged	cviu11_p18_t137
gss-nostaged	cviu11_p18_t139
gss-nostaged	cviu11_p18_t14
gss-nostaged	cviu11_p18_t141
gss-nostaged	cviu11_p18_t143
gss-nostaged	cviu11_p18_t145
gss-nostaged	cviu11_p18_t16
gss-nostaged	cviu11_p18_t24
gss-nostaged	cviu11_p18_t26
gss-nostaged	cviu11_p18_t28
gss-nostaged	cviu11_p18_t56
gss-nostaged	cviu11_p18_t58
gss-nostaged	cviu11_p18_t79
gss-nostaged	cviu11_p18_t80
gss-nostaged	cviu11_p18_t84
gss-nostaged	cviu11_p18_t89
gss-nostaged	cviu11_p18_t90
gss-nostaged	cviu11_p18_t95
gss-nostaged	cviu11_p18_t96
gss-nostaged	cviu11_p18_t98
gss-nostaged	cviu11_p19_t100
gss-nostaged	cviu11_p19_t101
gss-nostaged	cviu11_p19_t126
gss-nostaged	cviu11_p19_t129
gss-nostaged	cviu11_p19_t137
gss-nostaged	cviu11_p19_t14
gss-nostaged	cviu11_p19_t16
gss-nostaged	cviu11_p19_t24
gss-nostaged	cviu11_p19_t28
gss-nostaged	cviu11_p19_t84
gss-nostaged	cviu11_p19_t95
gss-nostaged	cviu11_p1_t100
gss-nostaged	cviu11_p1_t101
gss-nostaged	cviu11_p1_t11
gss-nostaged	cviu11_p1_t114
gss-nostaged	cviu11_p1_t126
gss-nostaged	cviu11_p1_t127
gss-nostaged	cviu11_p1_t130
gss-nostaged	cviu11_p1_t14
gss-nostaged	cviu11_p1_t141
gss-nostaged	cviu11_p1_t145
gss-nostaged	cviu11_p1_t16
gss-nostaged	cviu11_p1_t24
gss-nostaged	cviu11_p1_t26
gss-nostaged	cviu11_p1_t28
gss-nostaged	cviu11_p1_t56
gss-nostaged	cviu11_p1_t58
gss-nostaged	cviu11_p1_t79
gss-nostaged	cviu11_p1_t84
gss-nostaged	cviu11_p1_t90
gss-nostaged	cviu11_p1_t91
gss-nostaged	cviu11_p1_t95
gss-nostaged	cviu11_p1_t98
gss-nostaged	cviu11_p20_t100
gss-nostaged	cviu11_p20_t101
gss-nostaged	cviu11_p20_t102
gss-nostaged	cviu11_p20_t103
gss-nostaged	cviu11_p20_t11
gss-nostaged	cviu11_p20_t110
gss-nostaged	cviu11_p20_t111
gss-nostaged	cviu11_p20_t112
gss-nostaged	cviu11_p20_t113
gss-nostaged	cviu11_p20_t114
gss-nostaged	cviu11_p20_t126
gss-nostaged	cviu11_p20_t127
gss-nostaged	cviu11_p20_t130
gss-nostaged	cviu11_p20_t131
gss-nostaged	cviu11_p20_t139
gss-nostaged	cviu11_p20_t14
gss-nostaged	cviu11_p20_t141
gss-nostaged	cviu11_p20_t145
gss-nostaged	cviu11_p20_t15
gss-nostaged	cviu11_p20_t16
gss-nostaged	cviu11_p20_t24
gss-nostaged	cviu11_p20_t25
gss-nostaged	cviu11_p20_t26
gss-nostaged	cviu11_p20_t28
gss-nostaged	cviu11_p20_t53
gss-nostaged	cviu11_p20_t55
gss-nostaged	cviu11_p20_t56
gss-nostaged	cviu11_p20_t58
gss-nostaged	cviu11_p20_t66
gss-nostaged	cviu11_p20_t79
gss-nostaged	cviu11_p20_t84
gss-nostaged	cviu11_p20_t90
gss-nostaged	cviu11_p20_t95
gss-nostaged	cviu11_p20_t98
gss-nostaged	cviu11_p21_t101
gss-nostaged	cviu11_p21_t126
gss-nostaged	cviu11_p21_t127
gss-nostaged	cviu11_p21_t129
gss-nostaged	cviu11_p21_t15
gss-nostaged	cviu11_p21_t24
gss-nostaged	cviu11_p21_t28
gss-nostaged	cviu11_p21_t84
gss-nostaged	cviu11_p21_t91
gss-nostaged	cviu11_p21_t95
gss-nostaged	cviu11_p22_t100
gss-nostaged	cviu11_p22_t101
gss-nostaged	cviu11_p22_t114
gss-nostaged	cviu11_p22_t126
gss-nostaged	cviu11_p22_t127
gss-nostaged	cviu11_p22_t129
gss-nostaged	cviu11_p22_t130
gss-nostaged	cviu11_p22_t139
gss-nostaged	cviu11_p22_t14
gss-nostaged	cviu11_p22_t145
gss-nostaged	cviu11_p22_t24
gss-nostaged	cviu11_p22_t26
gss-nostaged	cviu11_p22_t28
gss-nostaged	cviu11_p22_t84
gss-nostaged	cviu11_p22_t90
gss-nostaged	cviu11_p22_t91
gss-nostaged	cviu11_p22_t95
gss-nostaged	cviu11_p22_t98
gss-nostaged	cviu11_p23_t100
gss-nostaged	cviu11_p23_t101
gss-nostaged	cviu11_p23_t102
gss-nostaged	cviu11_p23_t11
gss-nostaged	cviu11_p23_t110
gss-nostaged	cviu11_p23_t111
gss-nostaged	cviu11_p23_t112
gss-nostaged	cviu11_p23_t113
gss-nostaged	cviu11_p23_t126
gss-nostaged	cviu11_p23_t127
gss-nostaged	cviu11_p23_t129
gss-nostaged	cviu11_p23_t133
gss-nostaged	cviu11_p23_t137
gss-nostaged	cviu11_p23_t14
gss-nostaged	cviu11_p23_t141
gss-nostaged	cviu11_p23_t143
gss-nostaged	cviu11_p23_t145
gss-nostaged	cviu11_p23_t16
gss-nostaged	cviu11_p23_t24
gss-nostaged	cviu11_p23_t25
gss-nostaged	cviu11_p23_t26
gss-nostaged	cviu11_p23_t28
gss-nostaged	cviu11_p23_t48
gss-nostaged	cviu11_p23_t53
gss-nostaged	cviu11_p23_t55
gss-nostaged	cviu11_p23_t56
gss-nostaged	cviu11_p23_t58
gss-nostaged	cviu11_p23_t79
gss-nostaged	cviu11_p23_t84
gss-nostaged	cviu11_p23_t89
gss-nostaged	cviu11_p23_t90
gss-nostaged	cviu11_p23_t95
gss-nostaged	cviu11_p23_t96
gss-nostaged	cviu11_p23_t97
gss-nostaged	cviu11_p23_t98
gss-nostaged	cviu11_p24_t10
gss-nostaged	cviu11_p24_t100
gss-nostaged	cviu11_p24_t101
gss-nostaged	cviu11_p24_t102
gss-nostaged	cviu11_p24_t103
gss-nostaged	cviu11_p24_t107
gss-nostaged	cviu11_p24_t109
gss-nostaged	cviu11_p24_t11
gss-nostaged	cviu11_p24_t110
gss-nostaged	cviu11_p24_t111
gss-nostaged	cviu11_p24_t112
gss-nostaged	cviu11_p24_t113
gss-nostaged	cviu11_p24_t114
gss-nostaged	cviu11_p24_t115
gss-nostaged	cviu11_p24_t118
gss-nostaged	cviu11_p24_t12
gss-nostaged	cviu11_p24_t122
gss-nostaged	cviu11_p24_t126
gss-nostaged	cviu11_p24_t127
gss-nostaged	cviu11_p24_t129
gss-nostaged	cviu11_p24_t13
gss-nostaged	cviu11_p24_t131
gss-nostaged	cviu11_p24_t132
gss-nostaged	cviu11_p24_t133
gss-nostaged	cviu11_p24_t134
gss-nostaged	cviu11_p24_t135
gss-nostaged	cviu11_p24_t136
gss-nostaged	cviu11_p24_t139
gss-nostaged	cviu11_p24_t14
gss-nostaged	cviu11_p24_t141
gss-nostaged	cviu11_p24_t143
gss-nostaged	cviu11_p24_t144
gss-nostaged	cviu11_p24_t145
gss-nostaged	cviu11_p24_t16
gss-nostaged	cviu11_p24_t2
gss-nostaged	cviu11_p24_t22
gss-nostaged	cviu11_p24_t24
gss-nostaged	cviu11_p24_t25
gss-nostaged	cviu11_p24_t26
gss-nostaged	cviu11_p24_t27
gss-nostaged	cviu11_p24_t28
gss-nostaged	cviu11_p24_t34
gss-nostaged	cviu11_p24_t36
gss-nostaged	cviu11_p24_t39
gss-nostaged	cviu11_p24_t40
gss-nostaged	cviu11_p24_t41
gss-nostaged	cviu11_p24_t48
gss-nostaged	cviu11_p24_t49
gss-nostaged	cviu11_p24_t51
gss-nostaged	cviu11_p24_t53
gss-nostaged	cviu11_p24_t54
gss-nostaged	cviu11_p24_t55
gss-nostaged	cviu11_p24_t56
gss-nostaged	cviu11_p24_t58
gss-nostaged	cviu11_p24_t60
gss-nostaged	cviu11_p24_t64
gss-nostaged	cviu11_p24_t65
gss-nostaged	cviu11_p24_t66
gss-nostaged	cviu11_p24_t79
gss-nostaged	cviu11_p24_t8
gss-nostaged	cviu11_p24_t80
gss-nostaged	cviu11_p24_t81
gss-nostaged	cviu11_p24_t84
gss-nostaged	cviu11_p24_t86
gss-nostaged	cviu11_p24_t87
gss-nostaged	cviu11_p24_t89
gss-nostaged	cviu11_p24_t9
gss-nostaged	cviu11_p24_t90
gss-nostaged	cviu11_p24_t95
gss-nostaged	cviu11_p24_t96
gss-nostaged	cviu11_p24_t97
gss-nostaged	cviu11_p24_t98
gss-nostaged	cviu11_p25_t100
gss-nostaged	cviu11_p25_t101
gss-nostaged	cviu11_p25_t114
gss-nostaged	cviu11_p25_t126
gss-nostaged	cviu11_p25_t127
gss-nostaged	cviu11_p25_t139
gss-nostaged	cviu11_p25_t14
gss-nostaged	cviu11_p25_t141
gss-nostaged	cviu11_p25_t16
gss-nostaged	cviu11_p25_t24
gss-nostaged	cviu11_p25_t26
gss-nostaged	cviu11_p25_t28
gss-nostaged	cviu11_p25_t84
gss-nostaged	cviu11_p25_t95
gss-nostaged	cviu11_p25_t98
gss-nostaged	cviu11_p26_t100
gss-nostaged	cviu11_p26_t101
gss-nostaged	cviu11_p26_t126
gss-nostaged	cviu11_p26_t127
gss-nostaged	cviu11_p26_t130
gss-nostaged	cviu11_p26_t137
gss-nostaged	cviu11_p26_t14
gss-nostaged	cviu11_p26_t141
gss-nostaged	cviu11_p26_t15
gss-nostaged	cviu11_p26_t16
gss-nostaged	cviu11_p26_t24
gss-nostaged	cviu11_p26_t26
gss-nostaged	cviu11_p26_t28
gss-nostaged	cviu11_p26_t84
gss-nostaged	cviu11_p26_t95
gss-nostaged	cviu11_p26_t98
gss-nostaged	cviu11_p27_t100
gss-nostaged	cviu11_p27_t101
gss-nostaged	cviu11_p27_t126
gss-nostaged	cviu11_p27_t129
gss-nostaged	cviu11_p27_t130
gss-nostaged	cviu11_p27_t14
gss-nostaged	cviu11_p27_t15
gss-nostaged	cviu11_p27_t24
gss-nostaged	cviu11_p27_t28
gss-nostaged	cviu11_p27_t84
gss-nostaged	cviu11_p27_t95
gss-nostaged	cviu11_p28_t100
gss-nostaged	cviu11_p28_t101
gss-nostaged	cviu11_p28_t114
gss-nostaged	cviu11_p28_t126
gss-nostaged	cviu11_p28_t127
gss-nostaged	cviu11_p28_t130
gss-nostaged	cviu11_p28_t137
gss-nostaged	cviu11_p28_t139
gss-nostaged	cviu11_p28_t14
gss-nostaged	cviu11_p28_t141
gss-nostaged	cviu11_p28_t145
gss-nostaged	cviu11_p28_t15
gss-nostaged	cviu11_p28_t16
gss-nostaged	cviu11_p28_t24
gss-nostaged	cviu11_p28_t26
gss-nostaged	cviu11_p28_t28
gss-nostaged	cviu11_p28_t56
gss-nostaged	cviu11_p28_t58
gss-nostaged	cviu11_p28_t79
gss-nostaged	cviu11_p28_t84
gss-nostaged	cviu11_p28_t90
gss-nostaged	cviu11_p28_t91
gss-nostaged	cviu11_p28_t95
gss-nostaged	cviu11_p28_t98
gss-nostaged	cviu11_p29_t100
gss-nostaged	cviu11_p29_t102
gss-nostaged	cviu11_p29_t104
gss-nostaged	cviu11_p29_t109
gss-nostaged	cviu11_p29_t11
gss-nostaged	cviu11_p29_t110
gss-nostaged	cviu11_p29_t114
gss-nostaged	cviu11_p29_t115
gss-nostaged	cviu11_p29_t12
gss-nostaged	cviu11_p29_t120
gss-nostaged	cviu11_p29_t122
gss-nostaged	cviu11_p29_t126
gss-nostaged	cviu11_p29_t131
gss-nostaged	cviu11_p29_t144
gss-nostaged	cviu11_p29_t15
gss-nostaged	cviu11_p29_t16
gss-nostaged	cviu11_p29_t18
gss-nostaged	cviu11_p29_t20
gss-nostaged	cviu11_p29_t22
gss-nostaged	cviu11_p29_t23
gss-nostaged	cviu11_p29_t24
gss-nostaged	cviu11_p29_t25
gss-nostaged	cviu11_p29_t26
gss-nostaged	cviu11_p29_t27
gss-nostaged	cviu11_p29_t28
gss-nostaged	cviu11_p29_t31
gss-nostaged	cviu11_p29_t34
gss-nostaged	cviu11_p29_t40
gss-nostaged	cviu11_p29_t41
gss-nostaged	cviu11_p29_t42
gss-nostaged	cviu11_p29_t46
gss-nostaged	cviu11_p29_t48
gss-nostaged	cviu11_p29_t51
gss-nostaged	cviu11_p29_t52
gss-nostaged	cviu11_p29_t53
gss-nostaged	cviu11_p29_t55
gss-nostaged	cviu11_p29_t56
gss-nostaged	cviu11_p29_t60
gss-nostaged	cviu11_p29_t64
gss-nostaged	cviu11_p29_t66
gss-nostaged	cviu11_p29_t72
gss-nostaged	cviu11_p29_t79
gss-nostaged	cviu11_p29_t8
gss-nostaged	cviu11_p29_t81
gss-nostaged	cviu11_p29_t82
gss-nostaged	cviu11_p29_t83
gss-nostaged	cviu11_p29_t84
gss-nostaged	cviu11_p29_t87
gss-nostaged	cviu11_p29_t88
gss-nostaged	cviu11_p29_t89
gss-nostaged	cviu11_p29_t9
gss-nostaged	cviu11_p29_t90
gss-nostaged	cviu11_p29_t96
gss-nostaged	cviu11_p29_t97
gss-nostaged	cviu11_p29_t98
gss-nostaged	cviu11_p2_t100
gss-nostaged	cviu11_p2_t101
gss-nostaged	cviu11_p2_t105
gss-nostaged	cviu11_p2_t109
gss-nostaged	cviu11_p2_t11
gss-nostaged	cviu11_p2_t110
gss-nostaged	cviu11_p2_t113
gss-nostaged	cviu11_p2_t114
gss-nostaged	cviu11_p2_t12
gss-nostaged	cviu11_p2_t122
gss-nostaged	cviu11_p2_t124
gss-nostaged	cviu11_p2_t126
gss-nostaged	cviu11_p2_t129
gss-nostaged	cviu11_p2_t130
gss-nostaged	cviu11_p2_t131
gss-nostaged	cviu11_p2_t133
gss-nostaged	cviu11_p2_t137
gss-nostaged	cviu11_p2_t14
gss-nostaged	cviu11_p2_t141
gss-nostaged	cviu11_p2_t144
gss-nostaged	cviu11_p2_t15
gss-nostaged	cviu11_p2_t24
gss-nostaged	cviu11_p2_t26
gss-nostaged	cviu11_p2_t28
gss-nostaged	cviu11_p2_t31
gss-nostaged	cviu11_p2_t41
gss-nostaged	cviu11_p2_t42
gss-nostaged	cviu11_p2_t55
gss-nostaged	cviu11_p2_t56
gss-nostaged	cviu11_p2_t64
gss-nostaged	cviu11_p2_t84
gss-nostaged	cviu11_p2_t87
gss-nostaged	cviu11_p2_t90
gss-nostaged	cviu11_p2_t91
gss-nostaged	cviu11_p2_t95
gss-nostaged	cviu11_p2_t97
gss-nostaged	cviu11_p2_t98
gss-nostaged	cviu11_p30_t100
gss-nostaged	cviu11_p30_t101
gss-nostaged	cviu11_p30_t102
gss-nostaged	cviu11_p30_t103
gss-nostaged	cviu11_p30_t107
gss-nostaged	cviu11_p30_t11
gss-nostaged	cviu11_p30_t110
gss-nostaged	cviu11_p30_t111
gss-nostaged	cviu11_p30_t112
gss-nostaged	cviu11_p30_t114
gss-nostaged	cviu11_p30_t126
gss-nostaged	cviu11_p30_t127
gss-nostaged	cviu11_p30_t130
gss-nostaged	cviu11_p30_t132
gss-nostaged	cviu11_p30_t133
gss-nostaged	cviu11_p30_t134
gss-nostaged	cviu11_p30_t135
gss-nostaged	cviu11_p30_t136
gss-nostaged	cviu11_p30_t139
gss-nostaged	cviu11_p30_t14
gss-nostaged	cviu11_p30_t143
gss-nostaged	cviu11_p30_t145
gss-nostaged	cviu11_p30_t15
gss-nostaged	cviu11_p30_t16
gss-nostaged	cviu11_p30_t24
gss-nostaged	cviu11_p30_t25
gss-nostaged	cviu11_p30_t26
gss-nostaged	cviu11_p30_t28
gss-nostaged	cviu11_p30_t36
gss-nostaged	cviu11_p30_t39
gss-nostaged	cviu11_p30_t48
gss-nostaged	cviu11_p30_t53
gss-nostaged	cviu11_p30_t54
gss-nostaged	cviu11_p30_t55
gss-nostaged	cviu11_p30_t56
gss-nostaged	cviu11_p30_t58
gss-nostaged	cviu11_p30_t66
gss-nostaged	cviu11_p30_t79
gss-nostaged	cviu11_p30_t80
gss-nostaged	cviu11_p30_t84
gss-nostaged	cviu11_p30_t9
gss-nostaged	cviu11_p30_t90
gss-nostaged	cviu11_p30_t91
gss-nostaged	cviu11_p30_t95
gss-nostaged	cviu11_p30_t96
gss-nostaged	cviu11_p30_t97
gss-nostaged	cviu11_p30_t98
gss-nostaged	cviu11_p31_t84
gss-nostaged	cviu11_p33_t10
gss-nostaged	cviu11_p33_t100
gss-nostaged	cviu11_p33_t101
gss-nostaged	cviu11_p33_t102
gss-nostaged	cviu11_p33_t107
gss-nostaged	cviu11_p33_t11
gss-nostaged	cviu11_p33_t110
gss-nostaged	cviu11_p33_t111
gss-nostaged	cviu11_p33_t112
gss-nostaged	cviu11_p33_t113
gss-nostaged	cviu11_p33_t114
gss-nostaged	cviu11_p33_t115
gss-nostaged	cviu11_p33_t118
gss-nostaged	cviu11_p33_t126
gss-nostaged	cviu11_p33_t129
gss-nostaged	cviu11_p33_t131
gss-nostaged	cviu11_p33_t132
gss-nostaged	cviu11_p33_t133
gss-nostaged	cviu11_p33_t135
gss-nostaged	cviu11_p33_t137
gss-nostaged	cviu11_p33_t139
gss-nostaged	cviu11_p33_t14
gss-nostaged	cviu11_p33_t141
gss-nostaged	cviu11_p33_t143
gss-nostaged	cviu11_p33_t144
gss-nostaged	cviu11_p33_t145
gss-nostaged	cviu11_p33_t15
gss-nostaged	cviu11_p33_t16
gss-nostaged	cviu11_p33_t2
gss-nostaged	cviu11_p33_t22
gss-nostaged	cviu11_p33_t24
gss-nostaged	cviu11_p33_t25
gss-nostaged	cviu11_p33_t26
gss-nostaged	cviu11_p33_t27
gss-nostaged	cviu11_p33_t28
gss-nostaged	cviu11_p33_t36
gss-nostaged	cviu11_p33_t39
gss-nostaged	cviu11_p33_t41
gss-nostaged	cviu11_p33_t48
gss-nostaged	cviu11_p33_t51
gss-nostaged	cviu11_p33_t52
gss-nostaged	cviu11_p33_t53
gss-nostaged	cviu11_p33_t54
gss-nostaged	cviu11_p33_t55
gss-nostaged	cviu11_p33_t56
gss-nostaged	cviu11_p33_t58
gss-nostaged	cviu11_p33_t60
gss-nostaged	cviu11_p33_t65
gss-nostaged	cviu11_p33_t66
gss-nostaged	cviu11_p33_t79
gss-nostaged	cviu11_p33_t8
gss-nostaged	cviu11_p33_t80
gss-nostaged	cviu11_p33_t81
gss-nostaged	cviu11_p33_t84
gss-nostaged	cviu11_p33_t87
gss-nostaged	cviu11_p33_t89
gss-nostaged	cviu11_p33_t9
gss-nostaged	cviu11_p33_t90
gss-nostaged	cviu11_p33_t95
gss-nostaged	cviu11_p33_t96
gss-nostaged	cviu11_p33_t97
gss-nostaged	cviu11_p33_t98
gss-nostaged	cviu11_p34_t100
gss-nostaged	cviu11_p34_t101
gss-nostaged	cviu11_p34_t102
gss-nostaged	cviu11_p34_t104
gss-nostaged	cviu11_p34_t105
gss-nostaged	cviu11_p34_t106
gss-nostaged	cviu11_p34_t109
gss-nostaged	cviu11_p34_t11
gss-nostaged	cviu11_p34_t110
gss-nostaged	cviu11_p34_t112
gss-nostaged	cviu11_p34_t115
gss-nostaged	cviu11_p34_t117
gss-nostaged	cviu11_p34_t118
gss-nostaged	cviu11_p34_t12
gss-nostaged	cviu11_p34_t122
gss-nostaged	cviu11_p34_t124
gss-nostaged	cviu11_p34_t126
gss-nostaged	cviu11_p34_t13
gss-nostaged	cviu11_p34_t132
gss-nostaged	cviu11_p34_t136
gss-nostaged	cviu11_p34_t137
gss-nostaged	cviu11_p34_t14
gss-nostaged	cviu11_p34_t143
gss-nostaged	cviu11_p34_t144
gss-nostaged	cviu11_p34_t16
gss-nostaged	cviu11_p34_t17
gss-nostaged	cviu11_p34_t18
gss-nostaged	cviu11_p34_t23
gss-nostaged	cviu11_p34_t25
gss-nostaged	cviu11_p34_t26
gss-nostaged	cviu11_p34_t28
gss-nostaged	cviu11_p34_t31
gss-nostaged	cviu11_p34_t34
gss-nostaged	cviu11_p34_t36
gss-nostaged	cviu11_p34_t4
gss-nostaged	cviu11_p34_t40
gss-nostaged	cviu11_p34_t41
gss-nostaged	cviu11_p34_t42
gss-nostaged	cviu11_p34_t46
gss-nostaged	cviu11_p34_t48
gss-nostaged	cviu11_p34_t52
gss-nostaged	cviu11_p34_t53
gss-nostaged	cviu11_p34_t55
gss-nostaged	cviu11_p34_t56
gss-nostaged	cviu11_p34_t64
gss-nostaged	cviu11_p34_t66
gss-nostaged	cviu11_p34_t71
gss-nostaged	cviu11_p34_t8
gss-nostaged	cviu11_p34_t84
gss-nostaged	cviu11_p34_t87
gss-nostaged	cviu11_p34_t88
gss-nostaged	cviu11_p34_t89
gss-nostaged	cviu11_p34_t9
gss-nostaged	cviu11_p34_t90
gss-nostaged	cviu11_p34_t95
gss-nostaged	cviu11_p34_t97
gss-nostaged	cviu11_p34_t98
gss-nostaged	cviu11_p35_t111
gss-nostaged	cviu11_p35_t113
gss-nostaged	cviu11_p35_t127
gss-nostaged	cviu11_p35_t145
gss-nostaged	cviu11_p35_t48
gss-nostaged	cviu11_p35_t53
gss-nostaged	cviu11_p35_t58
gss-nostaged	cviu11_p35_t89
gss-nostaged	cviu11_p35_t91
gss-nostaged	cviu11_p35_t95
gss-nostaged	cviu11_p35_t98
gss-nostaged	cviu11_p36_t100
gss-nostaged	cviu11_p36_t101
gss-nostaged	cviu11_p36_t126
gss-nostaged	cviu11_p36_t127
gss-nostaged	cviu11_p36_t129
gss-nostaged	cviu11_p36_t137
gss-nostaged	cviu11_p36_t14
gss-nostaged	cviu11_p36_t141
gss-nostaged	cviu11_p36_t16
gss-nostaged	cviu11_p36_t24
gss-nostaged	cviu11_p36_t28
gss-nostaged	cviu11_p36_t84
gss-nostaged	cviu11_p36_t95
gss-nostaged	cviu11_p36_t98
gss-nostaged	cviu11_p37_t100
gss-nostaged	cviu11_p37_t126
gss-nostaged	cviu11_p37_t127
gss-nostaged	cviu11_p37_t129
gss-nostaged	cviu11_p37_t137
gss-nostaged	cviu11_p37_t139
gss-nostaged	cviu11_p37_t14
gss-nostaged	cviu11_p37_t141
gss-nostaged	cviu11_p37_t145
gss-nostaged	cviu11_p37_t16
gss-nostaged	cviu11_p37_t24
gss-nostaged	cviu11_p37_t26
gss-nostaged	cviu11_p37_t28
gss-nostaged	cviu11_p37_t84
gss-nostaged	cviu11_p38_t100
gss-nostaged	cviu11_p38_t101
gss-nostaged	cviu11_p38_t126
gss-nostaged	cviu11_p38_t127
gss-nostaged	cviu11_p38_t130
gss-nostaged	cviu11_p38_t137
gss-nostaged	cviu11_p38_t14
gss-nostaged	cviu11_p38_t16
gss-nostaged	cviu11_p38_t24
gss-nostaged	cviu11_p38_t28
gss-nostaged	cviu11_p38_t84
gss-nostaged	cviu11_p38_t95
gss-nostaged	cviu11_p38_t98
gss-nostaged	cviu11_p39_t114
gss-nostaged	cviu11_p39_t126
gss-nostaged	cviu11_p39_t139
gss-nostaged	cviu11_p39_t141
gss-nostaged	cviu11_p39_t15
gss-nostaged	cviu11_p39_t28
gss-nostaged	cviu11_p39_t84
gss-nostaged	cviu11_p3_t100
gss-nostaged	cviu11_p3_t101
gss-nostaged	cviu11_p3_t102
gss-nostaged	cviu11_p3_t103
gss-nostaged	cviu11_p3_t107
gss-nostaged	cviu11_p3_t11
gss-nostaged	cviu11_p3_t110
gss-nostaged	cviu11_p3_t111
gss-nostaged	cviu11_p3_t112
gss-nostaged	cviu11_p3_t113
gss-nostaged	cviu11_p3_t114
gss-nostaged	cviu11_p3_t115
gss-nostaged	cviu11_p3_t118
gss-nostaged	cviu11_p3_t12
gss-nostaged	cviu11_p3_t122
gss-nostaged	cviu11_p3_t124
gss-nostaged	cviu11_p3_t126
gss-nostaged	cviu11_p3_t127
gss-nostaged	cviu11_p3_t130
gss-nostaged	cviu11_p3_t131
gss-nostaged	cviu11_p3_t132
gss-nostaged	cviu11_p3_t133
gss-nostaged	cviu11_p3_t134
gss-nostaged	cviu11_p3_t135
gss-nostaged	cviu11_p3_t136
gss-nostaged	cviu11_p3_t137
gss-nostaged	cviu11_p3_t139
gss-nostaged	cviu11_p3_t14
gss-nostaged	cviu11_p3_t143
gss-nostaged	cviu11_p3_t144
gss-nostaged	cviu11_p3_t145
gss-nostaged	cviu11_p3_t16
gss-nostaged	cviu11_p3_t2
gss-nostaged	cviu11_p3_t22
gss-nostaged	cviu11_p3_t24
gss-nostaged	cviu11_p3_t25
gss-nostaged	cviu11_p3_t26
gss-nostaged	cviu11_p3_t27
gss-nostaged	cviu11_p3_t28
gss-nostaged	cviu11_p3_t36
gss-nostaged	cviu11_p3_t41
gss-nostaged	cviu11_p3_t48
gss-nostaged	cviu11_p3_t49
gss-nostaged	cviu11_p3_t51
gss-nostaged	cviu11_p3_t52
gss-nostaged	cviu11_p3_t53
gss-nostaged	cviu11_p3_t54
gss-nostaged	cviu11_p3_t55
gss-nostaged	cviu11_p3_t56
gss-nostaged	cviu11_p3_t58
gss-nostaged	cviu11_p3_t60
gss-nostaged	cviu11_p3_t64
gss-nostaged	cviu11_p3_t65
gss-nostaged	cviu11_p3_t66
gss-nostaged	cviu11_p3_t79
gss-nostaged	cviu11_p3_t8
gss-nostaged	cviu11_p3_t80
gss-nostaged	cviu11_p3_t84
gss-nostaged	cviu11_p3_t87
gss-nostaged	cviu11_p3_t89
gss-nostaged	cviu11_p3_t9
gss-nostaged	cviu11_p3_t90
gss-nostaged	cviu11_p3_t95
gss-nostaged	cviu11_p3_t96
gss-nostaged	cviu11_p3_t97
gss-nostaged	cviu11_p3_t98
gss-nostaged	cviu11_p40_t100
gss-nostaged	cviu11_p40_t11
gss-nostaged	cviu11_p40_t126
gss-nostaged	cviu11_p40_t127
gss-nostaged	cviu11_p40_t137
gss-nostaged	cviu11_p40_t141
gss-nostaged	cviu11_p40_t16
gss-nostaged	cviu11_p40_t24
gss-nostaged	cviu11_p40_t26
gss-nostaged	cviu11_p40_t28
gss-nostaged	cviu11_p40_t90
gss-nostaged	cviu11_p40_t95
gss-nostaged	cviu11_p40_t98
gss-nostaged	cviu11_p41_t100
gss-nostaged	cviu11_p41_t101
gss-nostaged	cviu11_p41_t102
gss-nostaged	cviu11_p41_t103
gss-nostaged	cviu11_p41_t11
gss-nostaged	cviu11_p41_t110
gss-nostaged	cviu11_p41_t111
gss-nostaged	cviu11_p41_t112
gss-nostaged	cviu11_p41_t113
gss-nostaged	cviu11_p41_t114
gss-nostaged	cviu11_p41_t126
gss-nostaged	cviu11_p41_t127
gss-nostaged	cviu11_p41_t129
gss-nostaged	cviu11_p41_t131
gss-nostaged	cviu11_p41_t133
gss-nostaged	cviu11_p41_t137
gss-nostaged	cviu11_p41_t139
gss-nostaged	cviu11_p41_t14
gss-nostaged	cviu11_p41_t141
gss-nostaged	cviu11_p41_t143
gss-nostaged	cviu11_p41_t145
gss-nostaged	cviu11_p41_t16
gss-nostaged	cviu11_p41_t24
gss-nostaged	cviu11_p41_t25
gss-nostaged	cviu11_p41_t26
gss-nostaged	cviu11_p41_t28
gss-nostaged	cviu11_p41_t48
gss-nostaged	cviu11_p41_t54
gss-nostaged	cviu11_p41_t56
gss-nostaged	cviu11_p41_t58
gss-nostaged	cviu11_p41_t66
gss-nostaged	cviu11_p41_t79
gss-nostaged	cviu11_p41_t80
gss-nostaged	cviu11_p41_t84
gss-nostaged	cviu11_p41_t89
gss-nostaged	cviu11_p41_t90
gss-nostaged	cviu11_p41_t95
gss-nostaged	cviu11_p41_t98
gss-nostaged	cviu11_p42_t100
gss-nostaged	cviu11_p42_t101
gss-nostaged	cviu11_p42_t114
gss-nostaged	cviu11_p42_t126
gss-nostaged	cviu11_p42_t127
gss-nostaged	cviu11_p42_t129
gss-nostaged	cviu11_p42_t130
gss-nostaged	cviu11_p42_t137
gss-nostaged	cviu11_p42_t139
gss-nostaged	cviu11_p42_t14
gss-nostaged	cviu11_p42_t145
gss-nostaged	cviu11_p42_t15
gss-nostaged	cviu11_p42_t24
gss-nostaged	cviu11_p42_t26
gss-nostaged	cviu11_p42_t28
gss-nostaged	cviu11_p42_t84
gss-nostaged	cviu11_p42_t90
gss-nostaged	cviu11_p42_t91
gss-nostaged	cviu11_p42_t95
gss-nostaged	cviu11_p42_t98
gss-nostaged	cviu11_p43_t100
gss-nostaged	cviu11_p43_t101
gss-nostaged	cviu11_p43_t11
gss-nostaged	cviu11_p43_t110
gss-nostaged	cviu11_p43_t111
gss-nostaged	cviu11_p43_t114
gss-nostaged	cviu11_p43_t126
gss-nostaged	cviu11_p43_t127
gss-nostaged	cviu11_p43_t137
gss-nostaged	cviu11_p43_t14
gss-nostaged	cviu11_p43_t141
gss-nostaged	cviu11_p43_t143
gss-nostaged	cviu11_p43_t145
gss-nostaged	cviu11_p43_t16
gss-nostaged	cviu11_p43_t24
gss-nostaged	cviu11_p43_t26
gss-nostaged	cviu11_p43_t28
gss-nostaged	cviu11_p43_t56
gss-nostaged	cviu11_p43_t58
gss-nostaged	cviu11_p43_t79
gss-nostaged	cviu11_p43_t84
gss-nostaged	cviu11_p43_t90
gss-nostaged	cviu11_p43_t91
gss-nostaged	cviu11_p43_t95
gss-nostaged	cviu11_p43_t98
gss-nostaged	cviu11_p44_t126
gss-nostaged	cviu11_p44_t127
gss-nostaged	cviu11_p44_t84
gss-nostaged	cviu11_p4_t101
gss-nostaged	cviu11_p4_t24
gss-nostaged	cviu11_p4_t28
gss-nostaged	cviu11_p4_t84
gss-nostaged	cviu11_p4_t91
gss-nostaged	cviu11_p5_t100
gss-nostaged	cviu11_p5_t101
gss-nostaged	cviu11_p5_t11
gss-nostaged	cviu11_p5_t110
gss-nostaged	cviu11_p5_t111
gss-nostaged	cviu11_p5_t112
gss-nostaged	cviu11_p5_t114
gss-nostaged	cviu11_p5_t126
gss-nostaged	cviu11_p5_t130
gss-nostaged	cviu11_p5_t137
gss-nostaged	cviu11_p5_t139
gss-nostaged	cviu11_p5_t14
gss-nostaged	cviu11_p5_t141
gss-nostaged	cviu11_p5_t143
gss-nostaged	cviu11_p5_t145
gss-nostaged	cviu11_p5_t16
gss-nostaged	cviu11_p5_t24
gss-nostaged	cviu11_p5_t26
gss-nostaged	cviu11_p5_t28
gss-nostaged	cviu11_p5_t56
gss-nostaged	cviu11_p5_t58
gss-nostaged	cviu11_p5_t79
gss-nostaged	cviu11_p5_t84
gss-nostaged	cviu11_p5_t90
gss-nostaged	cviu11_p5_t95
gss-nostaged	cviu11_p5_t98
gss-nostaged	cviu11_p6_t100
gss-nostaged	cviu11_p6_t101
gss-nostaged	cviu11_p6_t102
gss-nostaged	cviu11_p6_t11
gss-nostaged	cviu11_p6_t110
gss-nostaged	cviu11_p6_t111
gss-nostaged	cviu11_p6_t112
gss-nostaged	cviu11_p6_t113
gss-nostaged	cviu11_p6_t114
gss-nostaged	cviu11_p6_t12
gss-nostaged	cviu11_p6_t122
gss-nostaged	cviu11_p6_t124
gss-nostaged	cviu11_p6_t126
gss-nostaged	cviu11_p6_t127
gss-nostaged	cviu11_p6_t130
gss-nostaged	cviu11_p6_t131
gss-nostaged	cviu11_p6_t135
gss-nostaged	cviu11_p6_t139
gss-nostaged	cviu11_p6_t14
gss-nostaged	cviu11_p6_t141
gss-nostaged	cviu11_p6_t143
gss-nostaged	cviu11_p6_t144
gss-nostaged	cviu11_p6_t145
gss-nostaged	cviu11_p6_t16
gss-nostaged	cviu11_p6_t22
gss-nostaged	cviu11_p6_t24
gss-nostaged	cviu11_p6_t25
gss-nostaged	cviu11_p6_t26
gss-nostaged	cviu11_p6_t28
gss-nostaged	cviu11_p6_t41
gss-nostaged	cviu11_p6_t42
gss-nostaged	cviu11_p6_t48
gss-nostaged	cviu11_p6_t53
gss-nostaged	cviu11_p6_t54
gss-nostaged	cviu11_p6_t55
gss-nostaged	cviu11_p6_t56
gss-nostaged	cviu11_p6_t58
gss-nostaged	cviu11_p6_t64
gss-nostaged	cviu11_p6_t66
gss-nostaged	cviu11_p6_t79
gss-nostaged	cviu11_p6_t84
gss-nostaged	cviu11_p6_t87
gss-nostaged	cviu11_p6_t89
gss-nostaged	cviu11_p6_t90
gss-nostaged	cviu11_p6_t95
gss-nostaged	cviu11_p6_t97
gss-nostaged	cviu11_p6_t98
gss-nostaged	cviu11_p7_t100
gss-nostaged	cviu11_p7_t102
gss-nostaged	cviu11_p7_t11
gss-nostaged	cviu11_p7_t110
gss-nostaged	cviu11_p7_t111
gss-nostaged	cviu11_p7_t112
gss-nostaged	cviu11_p7_t114
gss-nostaged	cviu11_p7_t126
gss-nostaged	cviu11_p7_t127
gss-nostaged	cviu11_p7_t131
gss-nostaged	cviu11_p7_t132
gss-nostaged	cviu11_p7_t133
gss-nostaged	cviu11_p7_t135
gss-nostaged	cviu11_p7_t136
gss-nostaged	cviu11_p7_t139
gss-nostaged	cviu11_p7_t14
gss-nostaged	cviu11_p7_t143
gss-nostaged	cviu11_p7_t145
gss-nostaged	cviu11_p7_t15
gss-nostaged	cviu11_p7_t16
gss-nostaged	cviu11_p7_t22
gss-nostaged	cviu11_p7_t24
gss-nostaged	cviu11_p7_t25
gss-nostaged	cviu11_p7_t26
gss-nostaged	cviu11_p7_t28
gss-nostaged	cviu11_p7_t36
gss-nostaged	cviu11_p7_t39
gss-nostaged	cviu11_p7_t48
gss-nostaged	cviu11_p7_t53
gss-nostaged	cviu11_p7_t54
gss-nostaged	cviu11_p7_t55
gss-nostaged	cviu11_p7_t56
gss-nostaged	cviu11_p7_t58
gss-nostaged	cviu11_p7_t66
gss-nostaged	cviu11_p7_t79
gss-nostaged	cviu11_p7_t84
gss-nostaged	cviu11_p7_t89
gss-nostaged	cviu11_p7_t90
gss-nostaged	cviu11_p7_t95
gss-nostaged	cviu11_p7_t96
gss-nostaged	cviu11_p7_t97
gss-nostaged	cviu11_p7_t98
gss-nostaged	cviu11_p8_t100
gss-nostaged	cviu11_p8_t101
gss-nostaged	cviu11_p8_t114
gss-nostaged	cviu11_p8_t127
gss-nostaged	cviu11_p8_t129
gss-nostaged	cviu11_p8_t130
gss-nostaged	cviu11_p8_t137
gss-nostaged	cviu11_p8_t139
gss-nostaged	cviu11_p8_t14
gss-nostaged	cviu11_p8_t145
gss-nostaged	cviu11_p8_t15
gss-nostaged	cviu11_p8_t26
gss-nostaged	cviu11_p8_t28
gss-nostaged	cviu11_p8_t84
gss-nostaged	cviu11_p8_t90
gss-nostaged	cviu11_p8_t91
gss-nostaged	cviu11_p8_t98
gss-nostaged	cviu11_p9_t101
gss-nostaged	cviu11_p9_t126
gss-nostaged	cviu11_p9_t127
gss-nostaged	cviu11_p9_t15
gss-nostaged	cviu11_p9_t24
gss-nostaged	cviu11_p9_t84
gss-nostaged	cviu11_p9_t95
gss-nostaged	LVg11g58
gss-nostaged	LVg13g30
gss-nostaged	LVg25g30
gss-nostaged	LVg8g66
gss-nostaged	LVg9g30
gss-nostaged	LVg9g47
gss-proof	cviu11_p11_t1
gss-proof	cviu11_p11_t100
gss-proof	cviu11_p11_t102
gss-proof	cviu11_p11_t103
gss-proof	cviu11_p11_t105
gss-proof	cviu11_p11_t106
gss-proof	cviu11_p11_t107
gss-proof	cviu11_p11_t110
gss-proof	cviu11_p11_t111
gss-proof	cviu11_p11_t112
gss-proof	cviu11_p11_t113
gss-proof	cviu11_p11_t114
gss-proof	cviu11_p11_t115
gss-proof	cviu11_p11_t118
gss-proof	cviu11_p11_t12
gss-proof	cviu11_p11_t122
gss-proof	cviu11_p11_t124
gss-proof	cviu11_p11_t127
gss-proof	cviu11_p11_t13
gss-proof	cviu11_p11_t130
gss-proof	cviu11_p11_t132
gss-proof	cviu11_p11_t133
gss-proof	cviu11_p11_t134
gss-proof	cviu11_p11_t135
gss-proof	cviu11_p11_t136
gss-proof	cviu11_p11_t137
gss-proof	cviu11_p11_t139
gss-proof	cviu11_p11_t14
gss-proof	cviu11_p11_t141
gss-proof	cviu11_p11_t143
gss-proof	cviu11_p11_t144
gss-proof	cviu11_p11_t15
gss-proof	cviu11_p11_t16
gss-proof	cviu11_p11_t22
gss-proof	cviu11_p11_t24
gss-proof	cviu11_p11_t25
gss-proof	cviu11_p11_t26
gss-proof	cviu11_p11_t27
gss-proof	cviu11_p11_t28
gss-proof	cviu11_p11_t36
gss-proof	cviu11_p11_t39
gss-proof	cviu11_p11_t40
gss-proof	cviu11_p11_t41
gss-proof	cviu11_p11_t46
gss-proof	cviu11_p11_t51
gss-proof	cviu11_p11_t52
gss-proof	cviu11_p11_t53
gss-proof	cviu11_p11_t54
gss-proof	cviu11_p11_t55
gss-proof	cviu11_p11_t56
gss-proof	cviu11_p11_t60
gss-proof	cviu11_p11_t65
gss-proof	cviu11_p11_t66
gss-proof	cviu11_p11_t79
gss-proof	cviu11_p11_t8
gss-proof	cviu11_p11_t80
gss-proof	cviu11_p11_t81
gss-proof	cviu11_p11_t82
gss-proof	cviu11_p11_t86
gss-proof	cviu11_p11_t87
gss-proof	cviu11_p11_t89
gss-proof	cviu11_p11_t9
gss-proof	cviu11_p11_t90
gss-proof	cviu11_p11_t91
gss-proof	cviu11_p11_t93
gss-proof	cviu11_p11_t95
gss-proof	cviu11_p11_t96
gss-proof	cviu11_p11_t97
gss-proof	cviu11_p11_t98
gss-proof	cviu11_p12_t100
gss-proof	cviu11_p12_t110
gss-proof	cviu11_p12_t114
gss-proof	cviu11_p12_t133
gss-proof	cviu11_p12_t137
gss-proof	cviu11_p12_t143
gss-proof	cviu11_p12_t145
gss-proof	cviu11_p12_t48
gss-proof	cviu11_p12_t53
gss-proof	cviu11_p12_t79
gss-proof	cviu11_p12_t98
gss-proof	cviu11_p15_t102
gss-proof	cviu11_p15_t11
gss-proof	cviu11_p15_t111
gss-proof	cviu11_p15_t126
gss-proof	cviu11_p15_t127
gss-proof	cviu11_p15_t135
gss-proof	cviu11_p15_t14
gss-proof	cviu11_p15_t143
gss-proof	cviu11_p15_t145
gss-proof	cviu11_p15_t16
gss-proof	cviu11_p15_t22
gss-proof	cviu11_p15_t25
gss-proof	cviu11_p15_t26
gss-proof	cviu11_p15_t28
gss-proof	cviu11_p15_t48
gss-proof	cviu11_p15_t54
gss-proof	cviu11_p15_t55
gss-proof	cviu11_p15_t56
gss-proof	cviu11_p15_t58
gss-proof	cviu11_p15_t66
gss-proof	cviu11_p15_t80
gss-proof	cviu11_p15_t84
gss-proof	cviu11_p15_t89
gss-proof	cviu11_p15_t90
gss-proof	cviu11_p15_t95
gss-proof	cviu11_p15_t97
gss-proof	cviu11_p15_t98
gss-proof	cviu11_p16_t101
gss-proof	cviu11_p16_t11
gss-proof	cviu11_p16_t114
gss-proof	cviu11_p16_t126
gss-proof	cviu11_p16_t129
gss-proof	cviu11_p16_t139
gss-proof	cviu11_p16_t14
gss-proof	cviu11_p16_t141
gss-proof	cviu11_p16_t145
gss-proof	cviu11_p16_t16
gss-proof	cviu11_p16_t26
gss-proof	cviu11_p16_t28
gss-proof	cviu11_p16_t56
gss-proof	cviu11_p16_t79
gss-proof	cviu11_p16_t90
gss-proof	cviu11_p16_t95
gss-proof	cviu11_p16_t98
gss-proof	cviu11_p17_t10
gss-proof	cviu11_p17_t110
gss-proof	cviu11_p17_t115
gss-proof	cviu11_p17_t132
gss-proof	cviu11_p17_t135
gss-proof	cviu11_p17_t137
gss-proof	cviu11_p17_t145
gss-proof	cviu11_p17_t24
gss-proof	cviu11_p17_t25
gss-proof	cviu11_p17_t26
gss-proof	cviu11_p17_t41
gss-proof	cviu11_p17_t48
gss-proof	cviu11_p17_t52
gss-proof	cviu11_p17_t53
gss-proof	cviu11_p17_t54
gss-proof	cviu11_p17_t55
gss-proof	cviu11_p17_t58
gss-proof	cviu11_p17_t79
gss-proof	cviu11_p17_t81
gss-proof	cviu11_p17_t84
gss-proof	cviu11_p17_t87
gss-proof	cviu11_p17_t89
gss-proof	cviu11_p17_t90
gss-proof	cviu11_p17_t95
gss-proof	cviu11_p17_t97
gss-proof	cviu11_p17_t98
gss-proof	cviu11_p19_t126
gss-proof	cviu11_p19_t127
gss-proof	cviu11_p19_t15
gss-proof	cviu11_p19_t24
gss-proof	cviu11_p19_t84
gss-proof	cviu11_p19_t91
gss-proof	cviu11_p20_t100
gss-proof	cviu11_p20_t101
gss-proof	cviu11_p20_t11
gss-proof	cviu11_p20_t110
gss-proof	cviu11_p20_t111
gss-proof	cviu11_p20_t114
gss-proof	cviu11_p20_t127
gss-proof	cviu11_p20_t129
gss-proof	cviu11_p20_t130
gss-proof	cviu11_p20_t139
gss-proof	cviu11_p20_t14
gss-proof	cviu11_p20_t141
gss-proof	cviu11_p20_t145
gss-proof	cviu11_p20_t16
gss-proof	cviu11_p20_t24
gss-proof	cviu11_p20_t26
gss-proof	cviu11_p20_t28
gss-proof	cviu11_p20_t55
gss-proof	cviu11_p20_t56
gss-proof	cviu11_p20_t58
gss-proof	cviu11_p20_t79
gss-proof	cviu11_p20_t84
gss-proof	cviu11_p20_t90
gss-proof	cviu11_p20_t95
gss-proof	cviu11_p20_t98
gss-proof	cviu11_p21_t91
gss-proof	cviu11_p22_t100
gss-proof	cviu11_p22_t127
gss-proof	cviu11_p22_t24
gss-proof	cviu11_p22_t28
gss-proof	cviu11_p23_t100
gss-proof	cviu11_p23_t111
gss-proof	cviu11_p23_t112
gss-proof	cviu11_p23_t114
gss-proof	cviu11_p23_t14
gss-proof	cviu11_p23_t143
gss-proof	cviu11_p23_t145
gss-proof	cviu11_p23_t24
gss-proof	cviu11_p23_t56
gss-proof	cviu11_p23_t98
gss-proof	cviu11_p24_t100
gss-proof	cviu11_p24_t101
gss-proof	cviu11_p24_t102
gss-proof	cviu11_p24_t106
gss-proof	cviu11_p24_t107
gss-proof	cviu11_p24_t11
gss-proof	cviu11_p24_t110
gss-proof	cviu11_p24_t111
gss-proof	cviu11_p24_t113
gss-proof	cviu11_p24_t114
gss-proof	cviu11_p24_t115
gss-proof	cviu11_p24_t122
gss-proof	cviu11_p24_t126
gss-proof	cviu11_p24_t127
gss-proof	cviu11_p24_t129
gss-proof	cviu11_p24_t130
gss-proof	cviu11_p24_t131
gss-proof	cviu11_p24_t132
gss-proof	cviu11_p24_t133
gss-proof	cviu11_p24_t134
gss-proof	cviu11_p24_t135
gss-proof	cviu11_p24_t136
gss-proof	cviu11_p24_t137
gss-proof	cviu11_p24_t139
gss-proof	cviu11_p24_t14
gss-proof	cviu11_p24_t141
gss-proof	cviu11_p24_t143
gss-proof	cviu11_p24_t145
gss-proof	cviu11_p24_t15
gss-proof	cviu11_p24_t16
gss-proof	cviu11_p24_t2
gss-proof	cviu11_p24_t22
gss-proof	cviu11_p24_t24
gss-proof	cviu11_p24_t25
gss-proof	cviu11_p24_t26
gss-proof	cviu11_p24_t27
gss-proof	cviu11_p24_t28
gss-proof	cviu11_p24_t36
gss-proof	cviu11_p24_t39
gss-proof	cviu11_p24_t41
gss-proof	cviu11_p24_t48
gss-proof	cviu11_p24_t49
gss-proof	cviu11_p24_t51
gss-proof	cviu11_p24_t52
gss-proof	cviu11_p24_t53
gss-proof	cviu11_p24_t54
gss-proof	cviu11_p24_t56
gss-proof	cviu11_p24_t60
gss-proof	cviu11_p24_t64
gss-proof	cviu11_p24_t65
gss-proof	cviu11_p24_t66
gss-proof	cviu11_p24_t79
gss-proof	cviu11_p24_t8
gss-proof	cviu11_p24_t80
gss-proof	cviu11_p24_t81
gss-proof	cviu11_p24_t84
gss-proof	cviu11_p24_t87
gss-proof	cviu11_p24_t89
gss-proof	cviu11_p24_t9
gss-proof	cviu11_p24_t90
gss-proof	cviu11_p24_t91
gss-proof	cviu11_p24_t95
gss-proof	cviu11_p24_t96
gss-proof	cviu11_p24_t97
gss-proof	cviu11_p24_t98
gss-proof	cviu11_p26_t100
gss-proof	cviu11_p26_t24
gss-proof	cviu11_p26_t28
gss-proof	cviu11_p28_t100
gss-proof	cviu11_p28_t129
gss-proof	cviu11_p28_t137
gss-proof	cviu11_p28_t14
gss-proof	cviu11_p28_t24
gss-proof	cviu11_p28_t26
gss-proof	cviu11_p28_t28
gss-proof	cviu11_p28_t91
gss-proof	cviu11_p28_t95
gss-proof	cviu11_p28_t98
gss-proof	cviu11_p29_t10
gss-proof	cviu11_p29_t100
gss-proof	cviu11_p29_t102
gss-proof	cviu11_p29_t113
gss-proof	cviu11_p29_t114
gss-proof	cviu11_p29_t115
gss-proof	cviu11_p29_t124
gss-proof	cviu11_p29_t129
gss-proof	cviu11_p29_t132
gss-proof	cviu11_p29_t143
gss-proof	cviu11_p29_t145
gss-proof	cviu11_p29_t2
gss-proof	cviu11_p29_t22
gss-proof	cviu11_p29_t25
gss-proof	cviu11_p29_t34
gss-proof	cviu11_p29_t39
gss-proof	cviu11_p29_t4
gss-proof	cviu11_p29_t41
gss-proof	cviu11_p29_t42
gss-proof	cviu11_p29_t49
gss-proof	cviu11_p29_t54
gss-proof	cviu11_p29_t56
gss-proof	cviu11_p29_t60
gss-proof	cviu11_p29_t66
gss-proof	cviu11_p29_t81
gss-proof	cviu11_p29_t84
gss-proof	cviu11_p29_t87
gss-proof	cviu11_p29_t90
gss-proof	cviu11_p29_t95
gss-proof	cviu11_p29_t96
gss-proof	cviu11_p29_t97
gss-proof	cviu11_p29_t98
gss-proof	cviu11_p2_t24
gss-proof	cviu11_p2_t28
gss-proof	cviu11_p2_t95
gss-proof	cviu11_p30_t100
gss-proof	cviu11_p30_t114
gss-proof	cviu11_p30_t139
gss-proof	cviu11_p30_t14
gss-proof	cviu11_p30_t24
gss-proof	cviu11_p30_t26
gss-proof	cviu11_p30_t28.core1
gss-proof	cviu11_p30_t53
gss-proof	cviu11_p30_t55
gss-proof	cviu11_p30_t56
gss-proof	cviu11_p30_t79
gss-proof	cviu11_p30_t98
gss-proof	cviu11_p33_t111
gss-proof	cviu11_p33_t132
gss-proof	cviu11_p33_t136
gss-proof	cviu11_p33_t36
gss-proof	cviu11_p33_t54
gss-proof	cviu11_p33_t56
gss-proof	cviu11_p34_t100
gss-proof	cviu11_p34_t106
gss-proof	cviu11_p34_t107
gss-proof	cviu11_p34_t111
gss-proof	cviu11_p34_t113
gss-proof	cviu11_p34_t114
gss-proof	cviu11_p34_t117
gss-proof	cviu11_p34_t118
gss-proof	cviu11_p34_t132
gss-proof	cviu11_p34_t136
gss-proof	cviu11_p34_t141
gss-proof	cviu11_p34_t143
gss-proof	cviu11_p34_t145
gss-proof	cviu11_p34_t2
gss-proof	cviu11_p34_t22
gss-proof	cviu11_p34_t23
gss-proof	cviu11_p34_t25
gss-proof	cviu11_p34_t26
gss-proof	cviu11_p34_t27
gss-proof	cviu11_p34_t28
gss-proof	cviu11_p34_t31
gss-proof	cviu11_p34_t4
gss-proof	cviu11_p34_t40
gss-proof	cviu11_p34_t41
gss-proof	cviu11_p34_t48
gss-proof	cviu11_p34_t51
gss-proof	cviu11_p34_t55
gss-proof	cviu11_p34_t56
gss-proof	cviu11_p34_t60
gss-proof	cviu11_p34_t65
gss-proof	cviu11_p34_t66
gss-proof	cviu11_p34_t79
gss-proof	cviu11_p34_t8
gss-proof	cviu11_p34_t80
gss-proof	cviu11_p34_t81
gss-proof	cviu11_p34_t82
gss-proof	cviu11_p34_t9
gss-proof	cviu11_p34_t96
gss-proof	cviu11_p34_t97
gss-proof	cviu11_p34_t98
gss-proof	cviu11_p35_t100
gss-proof	cviu11_p35_t139
gss-proof	cviu11_p35_t145
gss-proof	cviu11_p35_t15
gss-proof	cviu11_p35_t26
gss-proof	cviu11_p35_t56
gss-proof	cviu11_p35_t58
gss-proof	cviu11_p35_t98
gss-proof	cviu11_p37_t14
gss-proof	cviu11_p37_t28
gss-proof	cviu11_p3_t100
gss-proof	cviu11_p3_t107
gss-proof	cviu11_p3_t110
gss-proof	cviu11_p3_t111
gss-proof	cviu11_p3_t113
gss-proof	cviu11_p3_t114
gss-proof	cviu11_p3_t132
gss-proof	cviu11_p3_t133
gss-proof	cviu11_p3_t135
gss-proof	cviu11_p3_t136
gss-proof	cviu11_p3_t14
gss-proof	cviu11_p3_t141
gss-proof	cviu11_p3_t143
gss-proof	cviu11_p3_t145
gss-proof	cviu11_p3_t15
gss-proof	cviu11_p3_t16
gss-proof	cviu11_p3_t22
gss-proof	cviu11_p3_t24
gss-proof	cviu11_p3_t25
gss-proof	cviu11_p3_t26
gss-proof	cviu11_p3_t28
gss-proof	cviu11_p3_t36
gss-proof	cviu11_p3_t39
gss-proof	cviu11_p3_t48
gss-proof	cviu11_p3_t53
gss-proof	cviu11_p3_t54
gss-proof	cviu11_p3_t55
gss-proof	cviu11_p3_t56
gss-proof	cviu11_p3_t79
gss-proof	cviu11_p3_t89
gss-proof	cviu11_p3_t90
gss-proof	cviu11_p3_t95
gss-proof	cviu11_p3_t96
gss-proof	cviu11_p3_t97
gss-proof	cviu11_p3_t98
gss-proof	cviu11_p40_t100
gss-proof	cviu11_p40_t101
gss-proof	cviu11_p40_t126
gss-proof	cviu11_p40_t127
gss-proof	cviu11_p40_t129
gss-proof	cviu11_p40_t14
gss-proof	cviu11_p40_t24
gss-proof	cviu11_p40_t28
gss-proof	cviu11_p40_t84
gss-proof	cviu11_p40_t95
gss-proof	cviu11_p42_t100
gss-proof	cviu11_p42_t14
gss-proof	cviu11_p42_t24
gss-proof	cviu11_p42_t91
gss-proof	cviu11_p42_t95
gss-proof	cviu11_p43_t100
gss-proof	cviu11_p43_t101
gss-proof	cviu11_p43_t127
gss-proof	cviu11_p43_t130
gss-proof	cviu11_p43_t14
gss-proof	cviu11_p43_t141
gss-proof	cviu11_p43_t15
gss-proof	cviu11_p43_t24
gss-proof	cviu11_p43_t28
gss-proof	cviu11_p43_t84
gss-proof	cviu11_p43_t95
gss-proof	cviu11_p43_t98
gss-proof	cviu11_p5_t100
gss-proof	cviu11_p5_t101
gss-proof	cviu11_p5_t114
gss-proof	cviu11_p5_t126
gss-proof	cviu11_p5_t137
gss-proof	cviu11_p5_t139
gss-proof	cviu11_p5_t14
gss-proof	cviu11_p5_t141
gss-proof	cviu11_p5_t145
gss-proof	cviu11_p5_t16
gss-proof	cviu11_p5_t24
gss-proof	cviu11_p5_t26
gss-proof	cviu11_p5_t28
gss-proof	cviu11_p5_t84
gss-proof	cviu11_p5_t90
gss-proof	cviu11_p5_t95
gss-proof	cviu11_p5_t98
gss-proof	cviu11_p6_t100
gss-proof	cviu11_p6_t111
gss-proof	cviu11_p6_t113
gss-proof	cviu11_p6_t114
gss-proof	cviu11_p6_t133
gss-proof	cviu11_p6_t139
gss-proof	cviu11_p6_t143
gss-proof	cviu11_p6_t145
gss-proof	cviu11_p6_t28
gss-proof	cviu11_p6_t48
gss-proof	cviu11_p6_t53
gss-proof	cviu11_p6_t55
gss-proof	cviu11_p6_t79
gss-proof	cviu11_p6_t90
gss-proof	cviu11_p6_t97
gss-proof	cviu11_p6_t98
gss-proof	cviu11_p7_t143
gss-proof	cviu11_p7_t145
gss-proof	cviu11_p7_t53
gss-proof	cviu11_p7_t80
gss-proof	cviu11_p7_t98
gss-proof	LVg8g59
gss-proof	LVg9g47
